,0,1,2,3,4,5,6,7,8,9,10,11,12,13,14,15,16,17,18,19,20,21,22,23,24,25,26,27,28,29,30,31,32,33,34,35,class
0,844,718,573,493,487,450,401,393,387,353,352,340,306,344,335,351,337,378,419,424,401,394,369,382,376,406,396,436,476,436,492,503,595,638,683,716,0
1,601,404,331,330,334,359,371,374,349,380,363,379,394,416,439,500,469,551,648,606,589,592,566,563,520,525,452,461,462,413,408,384,439,441,452,519,0
2,549,503,505,485,473,509,481,545,504,488,456,476,471,450,441,446,440,415,421,446,441,418,398,424,428,413,398,378,396,411,445,456,439,468,457,510,0
3,460,458,439,482,408,486,451,463,454,459,491,430,498,458,480,444,515,500,510,460,465,466,494,443,467,460,393,453,401,412,433,401,469,431,394,456,0
4,506,457,419,451,466,486,481,456,458,478,455,453,483,517,462,467,486,491,464,454,445,470,447,482,437,437,405,428,408,422,405,425,466,437,463,417,0
5,650,567,520,490,526,514,435,452,431,424,416,404,427,371,405,382,442,451,467,412,410,426,384,394,409,387,385,446,406,405,431,444,520,548,579,624,0
6,1069,637,595,534,509,508,448,406,420,462,363,387,354,334,354,309,325,319,332,331,357,324,326,362,365,360,372,412,452,485,493,516,543,561,635,825,0
7,420,378,401,400,432,389,428,430,493,561,516,490,635,561,604,621,663,697,779,672,567,511,432,357,377,348,317,293,295,341,304,322,325,352,345,328,0
8,644,404,387,373,371,353,382,377,371,393,417,431,476,455,460,468,550,656,582,580,539,540,451,510,434,453,414,442,382,423,417,383,455,563,470,378,0
9,488,418,418,397,366,376,372,394,406,407,405,396,391,395,400,453,492,465,507,480,489,502,524,558,571,532,535,537,490,468,481,437,443,462,465,464,0
10,549,579,474,507,453,455,412,406,422,444,424,465,450,436,450,478,530,564,554,470,499,451,375,412,428,368,362,368,381,380,429,444,446,486,523,510,0
11,517,567,535,473,477,451,420,420,436,467,471,456,430,446,466,457,466,475,480,451,379,389,376,377,407,396,426,450,438,447,490,474,467,512,512,483,0
12,430,425,444,475,431,455,476,467,528,539,495,492,492,525,511,534,516,505,554,424,478,470,475,432,424,410,400,418,357,377,389,383,420,428,388,417,0
13,806,678,595,619,578,505,523,462,446,484,419,405,398,349,359,364,362,326,327,337,310,366,379,362,321,393,393,445,399,435,423,474,548,593,574,627,0
14,1843,310,303,349,298,357,316,319,363,433,381,408,485,496,502,494,568,718,780,594,540,523,454,436,396,408,373,371,329,324,318,301,330,333,333,298,0
15,470,461,489,481,468,454,490,428,471,511,471,463,479,530,461,484,487,447,439,435,456,432,409,430,403,401,397,437,439,414,478,423,434,464,465,483,0
16,477,434,437,449,426,412,430,392,420,396,406,417,430,411,416,461,511,510,510,539,522,473,508,463,434,459,435,415,412,418,447,484,505,580,448,497,0
17,434,400,389,379,380,341,302,339,325,388,406,389,400,451,477,514,609,587,637,617,584,560,577,536,552,486,487,463,423,410,421,420,445,429,405,422,0
18,418,418,407,430,407,453,472,427,461,533,526,482,498,499,496,523,502,506,542,508,476,462,487,461,448,423,418,433,416,406,404,390,408,395,432,417,0
19,574,501,467,430,415,381,345,378,372,420,397,376,435,472,496,518,541,580,572,558,531,500,469,411,408,445,410,456,407,380,394,425,434,484,498,504,0
20,544,473,491,480,479,481,487,442,465,470,451,446,449,440,459,453,451,460,508,469,441,431,402,394,424,445,416,444,443,447,451,482,477,431,434,424,0
21,453,421,425,462,471,451,451,446,541,486,459,525,464,541,553,539,572,528,536,504,465,435,458,444,417,353,362,401,388,374,378,360,399,444,425,453,0
22,533,505,482,457,443,405,409,362,437,400,378,388,419,433,459,514,504,528,537,539,481,486,460,470,463,435,461,437,404,433,389,460,442,443,450,538,0
23,411,377,351,410,330,389,385,419,398,456,467,513,537,570,586,551,676,601,593,593,581,508,494,466,474,377,393,431,405,367,380,418,342,350,391,394,0
24,746,696,614,479,453,440,425,429,426,454,419,400,388,391,385,361,355,373,362,395,351,415,377,423,412,411,434,429,445,472,491,527,492,520,579,615,0
25,563,392,402,444,442,417,472,458,477,502,581,562,593,655,656,571,567,553,602,545,481,438,405,384,350,339,370,346,330,306,356,327,361,365,390,382,0
26,528,506,443,482,457,425,432,400,387,436,399,407,414,447,421,490,513,506,508,505,551,491,486,478,464,444,385,430,401,395,372,447,447,446,492,549,0
27,700,577,539,597,532,486,501,460,414,471,413,404,405,416,427,407,392,390,399,406,410,436,403,452,380,386,362,419,381,410,421,419,514,571,536,548,0
28,787,663,608,572,564,503,461,484,424,447,391,366,371,309,334,286,307,296,292,307,308,363,356,413,397,380,382,446,435,446,496,548,564,651,717,710,0
29,619,515,431,408,387,397,375,344,361,392,420,474,444,515,530,511,602,588,633,609,498,543,479,481,420,427,392,362,361,356,372,369,384,409,439,537,0
30,300,287,293,298,265,279,282,279,313,312,348,411,457,499,580,639,805,990,1102,859,883,692,634,548,496,405,353,350,367,310,298,285,278,308,291,288,0
31,443,432,426,399,457,381,428,409,377,392,413,399,398,422,512,550,584,588,621,576,595,550,498,498,451,429,437,422,413,386,435,420,395,413,415,420,0
32,897,588,518,565,454,479,405,407,410,463,421,396,458,389,422,418,409,471,455,437,386,351,353,353,348,339,364,404,405,374,461,473,567,543,603,598,0
33,362,389,328,360,382,377,378,392,386,436,412,444,508,531,603,576,613,671,672,625,631,588,529,513,483,451,448,376,394,394,369,365,345,374,335,344,0
34,568,460,447,493,447,420,423,426,397,424,422,436,468,467,484,495,582,537,522,530,445,445,451,404,412,393,387,408,444,435,443,414,426,458,471,500,0
35,534,476,498,466,442,453,493,447,440,498,450,422,419,394,395,375,389,451,442,384,447,446,418,440,433,453,439,548,433,441,516,485,496,508,530,483,0
36,619,614,603,569,522,495,495,437,478,442,435,408,393,411,404,364,350,379,404,373,345,371,334,373,359,358,368,400,425,459,501,525,575,555,625,616,0
37,508,523,482,518,465,481,427,443,481,465,444,405,417,410,408,471,433,417,447,407,385,405,455,437,425,406,450,433,450,462,502,503,543,468,510,498,0
38,329,344,376,378,351,340,370,389,366,415,443,448,513,556,513,573,655,640,637,669,634,613,574,532,478,496,424,403,382,415,370,355,364,364,362,313,0
39,449,434,424,418,382,333,349,366,372,338,395,450,434,441,503,539,584,605,644,591,570,555,554,491,516,448,475,437,458,388,420,375,390,391,433,432,0
40,615,413,411,429,432,442,477,480,533,512,519,583,594,620,620,648,623,723,781,532,466,424,373,383,328,361,297,303,334,311,312,294,301,280,310,320,0
41,741,669,656,583,531,469,458,451,434,381,426,386,383,354,393,339,371,335,331,342,327,381,361,349,382,384,414,408,433,450,456,498,528,589,675,716,0
42,403,396,396,378,374,344,409,353,373,399,462,426,492,496,519,582,542,617,609,606,594,561,513,552,453,445,401,397,468,435,396,444,400,371,376,402,0
43,398,366,374,388,388,365,368,406,397,467,465,468,495,491,570,522,568,612,713,607,601,527,497,509,457,484,426,437,393,363,406,384,371,368,351,382,0
44,461,448,453,441,420,409,390,441,380,435,398,439,424,458,477,490,474,518,563,497,545,481,467,495,443,461,432,436,423,416,417,465,483,469,471,464,0
45,884,573,506,453,438,439,421,415,404,430,433,391,406,417,476,489,467,543,579,533,465,468,427,420,375,400,350,380,361,358,399,421,425,480,444,514,0
46,392,341,335,331,349,370,361,352,390,358,420,442,510,563,602,601,592,658,755,656,593,562,526,534,518,461,411,447,386,393,402,342,345,389,337,360,0
47,423,386,438,418,344,379,399,367,399,425,450,426,495,547,535,554,574,581,541,590,604,591,577,529,446,452,398,449,414,393,396,351,409,369,373,362,0
48,541,476,496,502,564,474,520,448,452,491,448,464,430,441,530,609,566,476,479,442,438,393,401,374,340,375,378,401,360,363,380,415,431,475,503,508,0
49,489,500,512,527,521,524,507,508,508,485,477,429,419,483,427,433,453,459,434,446,427,406,400,381,387,430,406,434,430,443,423,423,437,453,479,484,0
50,948,852,793,733,590,587,504,465,454,360,372,401,374,335,331,338,313,311,367,324,350,285,326,358,335,341,327,351,360,395,384,433,492,536,607,752,0
51,549,554,471,503,487,472,422,448,438,461,427,516,449,431,490,453,432,414,452,407,435,446,397,425,396,419,425,459,411,437,463,444,452,504,485,510,0
52,458,479,420,415,423,371,374,350,369,379,416,467,480,500,526,551,582,618,613,615,635,535,516,500,477,420,409,396,383,370,367,358,374,377,416,445,0
53,478,464,422,372,368,457,383,416,398,437,429,440,408,409,491,488,516,538,549,489,504,483,484,455,465,491,434,518,477,439,460,423,468,423,435,473,0
54,353,393,394,401,405,422,422,454,448,465,496,471,515,554,606,619,614,618,574,601,566,541,451,478,425,421,401,371,365,356,371,351,377,363,363,359,0
55,599,588,525,523,472,492,454,449,438,416,418,432,426,402,388,415,367,364,336,375,344,383,338,398,413,397,399,436,441,467,516,576,581,587,626,603,0
56,607,544,519,496,466,455,443,409,391,405,417,400,421,408,406,441,383,397,412,390,406,384,405,464,477,429,437,479,483,520,472,482,544,541,537,514,0
57,575,524,563,566,579,605,629,685,603,639,538,553,538,473,433,428,342,338,300,287,285,315,298,351,320,300,328,335,376,410,401,410,499,506,524,528,0
58,817,745,693,625,530,442,463,399,386,384,335,367,329,314,303,274,301,296,300,324,303,331,329,370,360,368,416,445,471,515,504,578,583,699,726,759,0
59,577,449,442,383,421,388,364,365,404,399,388,438,433,446,473,496,571,687,776,557,503,517,496,465,450,499,427,433,424,422,382,399,384,354,403,369,0
60,815,466,364,365,328,349,309,282,362,401,345,370,401,390,469,518,583,840,966,617,546,555,528,459,408,391,405,379,349,353,383,345,400,415,399,529,0
61,1054,775,709,629,547,557,462,432,454,420,373,372,350,337,343,344,322,313,338,307,319,328,309,319,317,304,350,390,341,387,461,504,594,614,661,748,0
62,789,489,421,412,391,395,381,382,421,421,448,435,473,529,531,545,510,500,550,470,451,419,359,393,412,336,364,377,373,424,418,376,494,545,554,596,0
63,464,453,449,419,389,464,402,394,429,523,535,565,594,578,555,501,517,554,623,521,471,444,422,403,415,352,385,445,376,375,371,375,399,425,417,380,0
64,429,475,393,404,386,396,430,366,434,432,459,526,487,492,555,550,583,597,671,647,659,544,437,466,428,376,370,363,365,358,347,383,358,417,379,422,0
65,398,372,417,376,384,368,396,411,366,420,413,448,509,489,543,540,511,638,601,583,542,569,532,508,477,488,455,415,434,389,387,387,396,405,412,405,0
66,792,560,542,487,458,443,431,384,374,363,299,350,338,337,349,377,362,389,381,375,369,428,466,509,500,481,493,563,472,542,553,508,512,520,572,505,0
67,556,596,542,505,466,485,475,493,440,490,445,434,432,410,392,414,435,384,403,391,427,440,372,420,393,430,418,443,439,385,447,443,487,516,578,558,0
68,848,568,450,394,367,364,379,356,322,391,383,379,476,527,560,726,759,526,514,458,397,335,377,354,345,337,320,331,341,333,377,388,412,500,606,884,0
69,667,547,491,501,448,412,392,395,378,330,371,341,358,380,388,432,433,510,474,458,427,417,421,397,430,468,455,431,457,428,497,505,527,563,578,677,0
70,695,556,583,509,475,421,396,392,371,394,422,422,433,434,475,452,456,457,467,472,462,427,474,423,414,420,404,369,396,438,404,460,459,487,548,517,0
71,398,382,380,343,321,348,418,398,377,401,437,461,522,522,539,602,616,645,660,624,609,600,560,509,500,438,428,429,366,378,382,349,344,373,376,349,0
72,400,433,399,370,367,357,376,364,380,399,411,435,421,431,495,512,592,578,538,584,592,589,519,544,500,484,494,463,446,437,428,418,364,416,420,428,0
73,478,448,498,450,407,484,454,486,480,487,492,511,494,492,494,572,518,535,509,445,498,428,372,352,399,386,374,388,348,435,433,465,423,448,450,451,0
74,2561,479,508,555,505,592,593,542,481,567,421,430,401,361,357,361,337,323,378,297,338,357,313,359,329,327,323,403,281,290,289,327,353,333,359,354,0
75,637,564,576,622,565,538,478,511,443,450,411,392,369,389,364,379,352,380,386,413,422,399,378,394,370,361,338,388,403,450,474,525,524,562,590,587,0
76,349,362,398,412,401,474,477,557,556,614,602,591,597,565,561,539,547,548,542,485,474,473,471,463,407,384,360,421,354,301,336,331,340,361,364,367,0
77,573,526,505,455,423,428,416,405,401,411,368,393,423,384,441,439,427,442,445,405,452,454,450,427,455,438,473,513,492,496,498,483,533,507,507,496,0
78,585,369,334,314,346,319,305,299,301,358,321,334,382,400,478,544,629,1022,1507,623,566,537,466,436,459,432,446,437,386,373,385,312,380,351,316,332,0
79,482,444,432,438,450,423,416,410,425,424,437,412,376,384,407,435,382,458,409,415,399,407,451,429,477,483,486,508,473,564,528,579,608,561,476,496,0
80,479,476,446,423,397,444,406,445,412,422,400,455,451,465,433,537,569,529,507,504,470,447,469,481,439,430,422,440,435,439,438,451,456,436,460,471,0
81,834,594,541,535,433,459,382,375,383,404,326,372,334,321,319,345,377,366,430,473,474,465,435,420,399,423,412,485,458,460,478,519,526,589,587,651,0
82,698,499,478,485,419,410,411,418,384,370,377,376,406,385,375,393,387,427,446,376,428,414,408,419,429,418,471,501,506,499,526,530,575,572,578,590,0
83,459,382,431,391,409,424,356,396,380,412,377,442,443,427,444,496,518,539,509,549,513,505,455,480,440,451,446,462,478,467,498,516,493,508,448,440,0
84,545,485,509,485,548,519,532,501,431,445,425,383,449,385,401,404,413,403,408,418,384,393,369,435,418,424,472,467,455,461,474,482,501,535,515,510,0
85,490,467,418,432,427,420,422,413,467,447,436,423,418,435,435,490,471,467,515,542,493,537,548,473,441,444,483,410,436,429,481,430,455,440,397,452,0
86,673,536,503,475,438,455,407,379,435,437,387,454,468,501,485,504,496,488,516,513,478,432,404,394,381,409,399,462,350,391,438,400,427,495,490,484,0
87,963,683,596,562,476,448,412,377,366,397,329,337,370,346,376,401,423,485,463,412,462,420,412,373,383,342,339,386,379,383,400,448,491,509,576,859,0
88,703,568,592,507,476,500,467,414,434,488,409,383,383,375,366,403,371,410,404,380,402,432,384,398,370,405,430,461,463,424,474,451,457,512,599,689,0
89,467,461,420,391,385,373,349,349,372,384,423,427,477,454,491,686,635,703,690,673,602,534,492,483,424,370,335,340,363,350,373,362,390,444,467,445,0
90,782,456,420,415,421,404,332,358,361,433,345,368,402,366,380,394,458,512,487,410,420,429,415,465,490,473,524,519,549,560,544,518,501,507,507,459,0
91,423,450,420,380,393,400,398,368,380,374,408,398,443,514,545,570,605,618,669,602,548,535,500,445,457,403,431,382,376,370,421,419,430,425,436,448,0
92,552,544,480,466,470,395,400,417,334,376,344,341,354,339,369,402,422,403,445,410,445,434,481,486,479,479,479,498,486,498,501,557,553,592,545,608,0
93,531,489,451,480,418,429,426,363,427,397,416,386,413,422,453,455,447,472,483,488,497,513,473,487,474,485,446,463,402,438,454,444,467,479,517,499,0
94,464,436,460,401,353,431,357,401,385,396,429,461,465,447,520,517,464,527,568,516,531,527,526,516,501,483,459,503,445,412,413,376,459,436,381,418,0
95,347,291,331,345,314,346,401,376,407,485,446,485,537,531,615,598,656,706,705,673,627,590,580,555,489,426,409,425,378,348,353,356,321,319,325,288,0
96,450,403,413,398,384,390,376,377,431,436,483,485,524,536,568,583,633,625,648,628,520,505,439,438,414,401,393,382,363,383,382,384,393,417,394,405,0
97,754,618,520,449,420,389,391,334,351,358,348,322,346,338,421,371,434,532,558,521,463,470,413,449,408,379,390,439,431,451,469,530,521,610,554,632,0
98,445,405,415,407,421,422,405,428,421,466,481,467,501,468,539,537,602,525,536,508,532,499,511,485,456,407,445,412,437,433,413,392,411,394,353,405,0
99,416,390,410,438,394,427,412,407,428,424,444,460,465,500,562,556,534,531,558,586,514,496,458,458,418,450,396,424,412,481,442,428,379,452,442,392,0
100,563,501,472,391,388,381,350,367,367,378,357,374,400,405,454,415,447,510,526,522,524,531,486,515,436,455,457,463,503,438,464,476,506,510,519,533,0
101,382,393,364,378,401,381,388,450,442,520,505,486,539,543,594,619,693,650,676,624,586,554,529,430,459,378,342,348,356,317,334,324,331,336,379,353,0
102,583,508,526,493,501,446,437,456,442,428,466,408,434,427,437,420,440,413,432,385,381,413,429,394,385,418,407,440,444,444,502,474,483,528,567,593,0
103,487,464,442,452,495,471,458,414,415,419,442,432,433,459,452,454,410,386,424,456,440,490,432,463,445,449,479,505,456,506,437,453,476,474,513,501,0
104,618,550,466,421,413,382,433,423,399,462,394,397,446,423,433,413,416,482,446,463,498,462,482,494,503,461,461,531,444,423,476,434,444,434,480,477,0
105,464,498,491,500,434,494,481,461,451,486,440,469,494,503,504,488,500,419,469,423,455,492,432,422,403,399,371,450,378,423,423,425,438,471,476,457,0
106,377,242,252,279,260,314,332,341,382,392,429,491,528,617,639,726,762,900,964,829,747,657,533,513,418,364,411,414,343,335,306,292,274,266,242,213,0
107,643,567,525,523,542,483,434,407,400,421,409,416,413,434,360,420,395,417,428,416,415,392,424,373,375,402,420,385,471,453,490,513,496,515,627,580,0
108,461,377,388,399,350,335,352,348,336,407,374,425,441,471,477,502,553,550,613,580,562,617,608,511,514,493,497,482,459,432,446,434,403,404,413,370,0
109,477,474,511,457,462,496,521,508,488,514,482,509,501,492,516,491,522,443,442,442,463,395,442,451,448,403,393,421,412,365,396,391,423,389,431,413,0
110,771,519,471,480,449,445,478,439,464,521,421,456,400,396,427,428,425,480,467,402,415,433,423,422,425,424,415,463,401,413,451,483,457,479,457,484,0
111,646,565,556,538,535,454,462,429,423,379,398,391,399,378,409,375,377,356,374,389,405,377,403,399,403,389,454,440,484,464,516,557,545,570,546,599,0
112,805,545,483,416,412,380,379,358,380,382,399,364,361,360,399,390,470,525,558,520,460,421,415,456,455,417,453,487,471,453,486,453,491,500,560,520,0
113,436,412,417,420,436,436,428,430,401,455,411,420,444,513,560,572,608,597,679,601,613,510,480,426,397,392,398,331,382,376,373,391,384,386,411,458,0
114,1302,402,344,380,352,382,354,357,356,530,387,415,448,470,541,546,502,824,1129,513,480,463,399,399,373,340,327,401,302,304,334,307,358,360,367,336,0
115,912,729,659,617,561,520,434,386,376,340,333,319,350,272,296,268,296,317,287,261,323,323,285,333,364,362,392,454,531,521,632,608,612,668,663,780,0
116,417,384,392,392,436,403,439,440,440,440,415,423,493,515,554,594,574,642,688,654,584,523,491,484,475,458,360,425,357,340,358,334,359,352,376,373,0
117,910,670,627,565,477,462,462,397,392,414,386,384,392,348,352,419,364,420,444,398,401,343,327,348,356,359,332,400,407,406,469,487,524,567,664,711,0
118,572,588,542,541,492,471,464,440,410,422,428,419,466,474,485,412,447,427,461,431,412,445,417,422,435,415,386,421,389,408,432,445,480,441,529,515,0
119,1122,967,803,755,613,529,460,402,364,351,322,271,285,241,246,244,247,260,287,266,273,294,288,285,296,326,338,351,378,413,453,564,665,735,817,873,0
120,459,380,400,361,363,363,342,373,353,371,371,408,443,475,543,597,660,785,773,671,603,581,470,428,400,372,349,323,351,362,362,361,454,480,486,511,0
121,950,395,407,403,377,390,426,424,463,443,431,474,469,473,518,489,513,503,589,537,473,444,472,484,405,452,441,459,392,394,392,376,379,384,387,376,0
122,707,516,464,502,444,441,439,415,451,481,517,516,514,484,510,551,531,436,444,415,417,389,378,374,403,400,396,462,384,415,380,413,444,419,445,487,0
123,352,342,369,391,373,370,435,417,417,404,461,469,480,525,536,555,544,587,564,532,581,590,508,505,443,478,460,448,451,394,432,439,367,384,398,383,0
124,757,625,596,555,510,456,469,440,386,363,371,338,350,332,325,374,374,358,366,345,342,327,333,351,368,402,450,441,468,507,529,518,592,663,714,689,0
125,715,447,418,438,438,462,433,415,397,413,374,409,400,412,436,452,541,719,843,582,495,462,405,370,347,380,382,401,376,368,399,417,467,437,471,463,0
126,513,457,421,459,390,416,423,402,416,416,434,385,413,433,489,486,480,465,486,473,445,493,441,489,479,461,438,477,431,469,435,507,492,528,506,436,0
127,683,626,578,539,457,466,435,392,387,375,364,364,376,354,376,375,398,415,435,416,404,432,428,406,431,416,392,415,425,460,441,492,554,590,654,633,0
128,695,616,623,547,544,502,472,432,447,447,428,397,401,394,414,441,374,353,388,350,364,375,388,360,351,363,409,424,422,407,460,437,501,530,626,702,0
129,387,361,365,361,417,349,403,387,391,437,463,460,461,549,565,543,476,547,603,562,583,554,546,540,500,449,454,459,413,439,388,397,402,417,380,376,0
130,591,569,555,493,481,472,404,450,431,404,410,412,390,434,383,363,388,388,384,402,374,401,430,418,391,431,397,471,457,474,519,539,540,609,561,568,0
131,581,543,500,471,439,467,416,418,372,421,372,422,482,429,435,467,512,499,471,486,439,452,433,416,413,403,388,402,406,434,458,433,537,524,508,535,0
132,1919,635,595,524,441,496,409,403,362,360,327,327,330,355,340,311,331,339,394,321,328,345,332,316,392,346,395,414,423,401,454,454,501,553,615,596,0
133,495,403,376,405,394,403,425,421,425,505,443,484,468,537,522,535,499,581,606,529,483,552,494,478,462,453,429,404,396,387,407,373,452,401,394,363,0
134,583,579,506,501,476,463,425,442,426,428,394,458,442,384,402,438,400,397,373,392,408,426,384,466,436,439,436,460,443,487,510,493,509,536,544,498,0
135,1270,370,385,379,349,443,398,365,396,539,349,380,437,410,433,400,393,559,759,428,434,473,388,481,432,398,529,559,399,429,460,386,433,392,404,345,0
136,311,324,340,311,356,370,377,380,448,458,477,540,593,629,692,735,689,725,686,644,617,587,518,459,435,393,353,373,332,331,336,339,318,301,310,297,0
137,557,512,505,488,436,413,416,356,436,397,397,455,469,454,482,497,490,468,473,438,437,425,437,436,392,435,446,451,445,450,434,405,478,478,514,582,0
138,565,485,465,427,396,416,355,385,368,409,415,344,407,398,420,430,478,485,528,460,495,484,435,418,405,429,368,426,420,417,426,503,520,583,756,663,0
139,704,578,557,463,442,414,430,414,400,377,328,362,339,325,443,526,671,820,664,410,366,368,402,393,373,415,419,409,414,422,421,417,455,492,452,499,0
140,704,670,664,613,539,558,535,462,460,403,403,376,354,356,338,319,317,312,327,319,321,312,356,384,400,480,492,437,455,448,488,452,493,565,628,644,0
141,467,490,485,512,495,432,482,454,396,410,394,405,415,421,415,476,442,454,427,433,485,477,452,425,455,390,440,458,408,420,466,472,485,543,546,557,0
142,449,367,322,385,358,412,394,407,406,514,456,461,475,488,589,594,600,657,701,587,622,573,512,504,464,423,388,471,407,379,366,339,311,362,350,291,0
143,660,558,437,473,508,541,451,487,448,500,404,499,475,436,398,418,411,400,442,406,402,434,416,453,462,454,362,491,452,423,462,415,424,474,457,451,0
144,1233,1010,936,851,711,662,520,406,350,352,309,255,224,202,219,202,214,181,237,180,201,196,226,209,253,256,286,298,324,423,471,592,623,738,892,1142,0
145,483,439,493,450,434,441,340,441,427,489,468,438,497,495,482,513,530,511,575,531,558,513,501,433,428,437,376,385,395,412,420,378,419,412,418,422,0
146,662,618,561,520,526,487,531,565,509,511,483,397,432,415,408,420,379,417,397,367,372,390,374,418,394,408,338,401,411,411,393,465,495,479,503,527,0
147,558,522,473,481,465,485,456,471,440,452,457,461,435,458,458,423,438,442,463,432,476,443,400,429,436,417,378,419,404,410,438,444,497,529,516,478,0
148,552,577,515,474,490,538,502,467,438,478,495,459,467,425,434,400,397,401,383,406,416,381,359,375,417,374,406,391,422,423,437,481,509,533,552,610,0
149,386,427,386,424,393,417,418,377,419,426,438,449,472,477,487,510,483,549,528,521,565,530,535,491,530,514,444,463,451,427,449,449,420,382,384,363,0
150,581,571,545,535,478,499,441,442,427,454,376,428,415,394,405,373,416,346,395,436,381,379,404,382,405,376,439,421,459,470,531,552,502,524,597,605,0
151,315,276,260,265,287,283,300,287,333,360,367,431,472,442,524,582,617,694,803,767,742,749,674,625,542,525,462,502,407,438,355,373,395,338,316,276,0
152,922,679,624,687,646,602,509,480,414,419,339,388,356,318,311,324,318,309,351,294,305,313,350,369,361,345,373,416,402,434,459,538,573,631,623,602,0
153,542,556,579,569,522,477,473,473,428,416,428,410,433,415,411,374,389,402,404,426,426,394,408,401,391,422,451,445,467,484,460,438,529,531,499,511,0
154,565,488,426,456,426,422,429,418,420,453,452,439,455,508,531,518,498,522,555,438,440,435,439,451,403,407,414,442,393,401,394,433,394,473,487,559,0
155,1023,705,665,545,454,451,420,384,372,376,312,346,313,343,349,337,367,410,503,380,421,424,399,428,421,426,421,469,405,438,420,465,554,505,577,556,0
156,1483,546,445,404,406,380,337,293,336,346,327,365,354,368,385,391,412,447,522,473,434,418,431,472,444,442,416,439,423,349,428,424,471,459,562,752,0
157,574,553,492,469,465,448,432,438,423,434,431,440,420,419,439,461,524,519,570,508,515,518,474,478,439,433,390,345,340,353,380,387,435,453,459,526,0
158,957,450,420,470,376,434,402,366,346,409,364,380,419,453,459,496,521,620,626,513,502,498,462,434,398,353,378,453,384,363,423,385,466,449,496,459,0
159,506,501,475,497,486,429,453,466,461,492,456,448,480,514,496,488,516,534,545,457,457,452,408,454,422,344,361,396,370,426,385,399,438,467,456,449,0
160,453,375,406,392,378,412,461,416,467,458,470,471,505,516,506,540,538,595,568,522,563,527,477,504,468,454,431,445,430,393,372,374,347,403,364,383,0
161,384,398,375,366,382,383,387,440,330,389,442,453,485,517,526,612,661,682,705,598,578,575,514,442,441,420,410,403,371,374,392,380,369,415,381,404,0
162,850,723,588,531,489,454,440,413,379,470,378,415,371,365,420,402,368,375,378,346,351,348,376,373,333,379,364,413,391,399,424,471,529,638,685,755,0
163,501,459,487,420,389,422,376,372,410,386,413,430,434,467,542,567,604,585,630,509,531,473,434,438,368,436,419,417,396,432,474,435,438,396,448,446,0
164,520,413,424,396,402,404,423,389,417,445,464,454,476,467,490,515,485,557,530,559,501,545,529,456,450,448,396,394,425,350,382,399,433,450,505,491,0
165,739,703,679,658,586,478,434,420,419,433,402,417,369,397,378,388,429,398,385,371,361,381,353,350,327,339,358,375,379,376,437,460,483,573,639,710,0
166,753,622,543,472,495,444,414,373,396,383,408,354,398,385,382,365,405,411,467,459,417,442,433,396,399,403,401,466,404,444,456,487,535,613,579,580,0
167,892,758,675,566,479,456,437,419,415,389,361,407,332,369,358,354,334,341,333,337,351,334,317,371,325,369,378,399,417,399,418,494,559,661,749,831,0
168,1413,606,548,535,441,405,391,332,343,440,315,346,336,349,371,342,378,371,409,342,381,379,367,360,373,363,386,428,432,416,500,506,554,627,694,605,0
169,1267,646,518,477,435,409,391,421,346,405,362,361,367,344,361,331,364,456,458,375,351,347,353,321,359,361,405,397,368,399,396,471,551,579,740,892,0
170,3007,413,334,318,283,291,286,329,313,332,310,345,333,364,389,356,412,454,492,448,510,486,415,443,372,388,380,356,348,369,385,358,381,386,437,561,0
171,666,589,553,521,473,478,461,459,415,429,410,399,384,412,374,351,345,360,363,380,358,353,370,364,428,392,438,500,453,474,489,515,592,594,618,624,0
172,374,347,368,355,420,389,437,467,481,497,481,522,530,541,522,606,563,584,601,509,568,509,513,456,448,453,400,400,409,374,404,413,390,373,365,315,0
173,498,507,530,490,477,489,437,402,452,474,436,384,417,459,442,419,431,425,499,421,392,403,376,411,441,405,425,502,443,497,515,474,496,507,499,509,0
174,801,518,554,562,453,506,481,447,466,442,375,436,412,399,398,388,412,458,519,418,432,481,409,407,392,382,416,406,368,434,400,460,476,474,509,493,0
175,380,374,362,387,353,357,343,374,394,382,402,429,458,451,479,594,612,643,606,652,637,561,574,535,471,514,449,460,406,439,394,399,372,369,373,399,0
176,425,412,420,376,453,418,436,448,434,483,521,539,516,552,500,549,515,485,479,457,468,497,444,433,428,445,436,426,438,400,417,444,441,409,410,430,0
177,438,470,433,427,392,388,409,409,371,409,413,416,485,423,517,472,441,529,538,584,558,503,545,462,480,449,412,424,401,486,481,448,462,444,428,437,0
178,571,535,497,437,396,425,377,388,351,336,383,399,426,486,443,530,517,567,553,468,515,462,424,413,375,406,399,414,401,420,438,467,473,522,552,618,1
179,502,408,474,437,444,422,441,401,423,389,370,439,412,418,457,429,442,529,532,472,522,472,482,501,460,463,451,467,415,493,449,474,484,459,486,465,1
180,585,493,446,406,380,423,410,381,355,410,429,437,458,430,497,531,532,583,500,490,479,468,432,429,419,410,430,421,423,419,416,489,440,521,470,542,1
181,542,592,520,527,491,472,485,480,451,448,488,434,457,463,448,449,430,434,435,445,393,373,357,394,387,404,382,386,426,415,431,449,478,483,565,570,1
182,684,715,678,577,576,524,507,467,394,414,355,380,345,347,316,308,307,306,294,318,313,324,341,365,386,386,374,419,442,524,494,590,595,649,707,663,1
183,470,464,446,436,468,452,437,452,478,537,483,490,493,522,562,533,565,625,575,513,464,474,431,370,395,348,336,359,327,406,423,365,397,449,389,450,1
184,391,418,419,404,429,431,443,438,435,460,502,493,464,437,486,487,547,541,546,527,504,466,509,476,473,440,450,429,440,406,403,429,407,395,440,419,1
185,965,512,486,472,413,438,459,412,412,465,421,460,461,458,435,446,439,403,409,441,374,427,439,378,419,388,398,444,414,475,444,458,486,499,499,435,1
186,587,588,601,584,525,416,395,393,399,417,382,389,436,435,389,431,470,485,484,433,431,407,386,394,381,364,402,405,403,399,469,527,517,550,536,574,1
187,437,452,468,435,388,437,454,477,416,497,432,435,468,483,460,510,526,514,553,507,539,520,509,487,438,444,451,403,409,415,424,383,381,415,389,428,1
188,1565,723,672,575,492,431,412,363,357,375,350,364,305,286,279,317,276,280,317,284,305,330,331,343,326,351,372,391,420,449,478,495,572,642,758,798,1
189,513,494,436,428,512,476,464,443,482,488,454,486,482,469,449,523,487,477,480,434,467,448,433,399,407,460,437,417,436,409,378,407,473,425,447,464,1
190,781,608,557,498,448,412,422,441,418,438,407,390,440,388,462,407,468,631,713,423,433,404,352,397,339,367,340,397,367,351,380,405,472,442,562,624,1
191,428,426,409,386,398,351,389,365,376,346,360,376,435,390,466,473,511,495,531,590,616,527,524,492,512,484,494,479,454,453,487,484,446,491,478,462,1
192,490,462,439,447,411,432,398,412,400,443,422,425,409,385,501,500,545,583,579,533,526,465,457,482,446,392,416,446,417,440,426,458,470,463,473,391,1
193,495,425,416,423,429,388,442,424,383,377,418,415,419,439,429,464,491,595,552,550,546,504,547,481,495,471,441,415,427,400,406,397,427,499,473,481,1
194,869,738,669,558,481,479,478,420,364,374,339,319,323,301,334,298,272,251,323,322,330,320,323,338,386,379,387,457,437,483,551,543,638,729,761,810,1
195,584,458,421,428,358,420,398,342,350,402,359,387,439,501,503,478,532,586,632,555,535,501,439,428,444,448,410,462,434,400,440,451,453,454,488,464,1
196,706,660,617,547,487,506,475,476,381,384,401,374,386,370,356,368,326,348,392,351,343,364,348,407,417,414,408,404,472,457,482,526,530,590,642,669,1
197,456,430,479,470,487,416,440,429,482,466,464,452,479,492,485,457,452,480,430,463,473,432,478,442,465,442,446,449,441,419,438,418,487,449,452,444,1
198,509,489,513,479,472,475,468,465,432,414,449,416,411,429,457,409,429,421,424,450,416,465,442,440,426,435,416,475,440,461,472,462,495,502,508,518,1
199,759,661,548,496,407,407,341,382,350,377,331,332,355,341,407,443,503,507,489,503,447,474,455,409,427,408,362,414,329,369,410,428,507,558,705,743,1
200,448,409,380,408,403,426,431,411,398,468,477,503,468,496,524,580,584,584,558,507,512,497,483,466,453,474,430,440,410,396,371,412,370,397,408,402,1
201,405,355,370,383,349,377,370,390,371,420,396,428,517,498,589,548,604,703,671,602,612,582,523,510,522,443,439,437,369,390,314,348,388,383,399,379,1
202,610,548,521,447,451,455,424,414,408,477,416,398,438,504,521,552,565,608,554,516,450,423,407,370,389,351,350,377,366,380,367,410,416,439,555,507,1
203,782,473,447,433,435,403,398,367,373,411,421,363,424,420,494,484,543,558,623,507,500,526,477,460,442,380,410,406,393,424,418,399,437,443,480,430,1
204,741,735,696,645,604,541,539,439,451,406,358,352,362,320,330,306,321,276,285,347,315,344,311,318,308,359,373,401,456,481,531,553,584,616,657,723,1
205,1078,400,373,399,357,372,367,371,373,448,389,441,414,498,519,546,605,781,849,551,492,449,472,428,379,374,351,389,365,377,322,306,359,375,401,414,1
206,692,481,451,413,387,384,410,399,372,439,390,462,482,465,517,527,560,671,916,654,497,494,431,464,442,393,376,396,347,325,339,340,335,396,358,379,1
207,439,449,443,475,449,490,506,485,462,474,460,474,469,507,485,524,510,525,519,472,485,444,433,399,390,414,380,414,397,403,441,433,410,440,440,444,1
208,392,394,411,400,377,382,389,366,393,392,383,414,470,476,505,486,607,649,722,637,579,514,513,455,443,462,393,379,366,397,385,429,433,486,452,453,1
209,532,593,542,513,530,492,550,486,465,449,465,467,451,436,470,433,443,374,396,391,368,381,370,398,378,412,383,367,435,409,441,453,503,504,527,577,1
210,737,402,395,419,368,431,413,419,444,505,441,444,503,469,510,501,503,657,703,490,481,478,431,438,408,383,398,402,352,394,402,361,440,404,432,426,1
211,404,421,409,392,377,408,375,376,434,450,434,453,520,501,559,571,555,611,569,575,579,501,488,466,450,417,385,410,456,404,415,407,390,407,404,411,1
212,434,400,367,408,446,405,464,398,425,468,414,487,450,486,555,533,542,450,517,534,503,498,519,473,503,448,463,430,419,419,431,485,409,400,427,374,1
213,1190,610,505,432,388,331,336,317,322,341,317,348,379,357,399,409,418,423,384,401,377,389,368,343,335,344,336,319,353,350,420,393,474,560,769,1647,1
214,535,455,493,462,469,466,461,448,465,481,472,504,505,507,527,465,472,452,460,438,416,423,375,416,402,416,368,434,395,371,439,433,451,490,500,518,1
215,535,468,505,491,417,434,389,395,396,439,411,371,441,443,469,464,514,535,525,566,558,562,486,490,444,456,383,436,411,393,395,398,406,432,452,474,1
216,607,555,516,518,468,493,477,460,488,443,418,450,423,460,461,462,416,402,389,385,390,399,379,435,366,400,379,437,398,460,420,486,509,546,538,551,1
217,1170,544,444,443,377,387,365,401,354,426,383,389,404,445,471,464,503,565,690,484,484,486,458,422,391,406,365,397,340,358,360,375,380,455,491,507,1
218,619,534,549,500,463,484,501,471,491,502,446,442,438,427,433,412,428,389,408,414,396,397,432,394,390,379,386,418,408,463,447,467,462,470,512,612,1
219,620,501,436,455,447,438,414,405,397,410,396,392,410,416,486,519,509,506,502,542,492,473,471,491,404,422,414,396,410,377,455,384,455,474,526,539,1
220,650,492,490,446,442,425,435,420,450,444,429,434,451,493,496,504,485,587,574,533,485,444,467,405,375,370,353,402,348,403,372,399,426,445,476,534,1
221,513,517,521,526,490,523,476,468,486,444,446,422,419,422,438,432,410,386,453,419,423,444,443,438,393,436,414,459,440,431,467,446,461,474,492,512,1
222,409,361,369,344,349,396,415,403,447,413,442,479,525,497,552,547,576,609,627,576,528,528,484,499,486,466,439,445,422,375,413,364,398,390,408,403,1
223,554,515,541,506,449,517,451,414,425,440,369,419,415,407,407,397,405,392,469,381,419,451,401,433,430,446,423,441,469,466,501,498,480,534,555,564,1
224,673,510,475,430,373,415,386,354,386,478,395,435,475,435,498,521,559,652,940,648,511,486,432,459,432,411,350,370,381,344,352,397,375,339,322,385,1
225,338,294,306,318,310,366,331,405,447,532,513,557,633,617,702,782,776,741,737,624,625,553,451,434,418,383,357,402,341,317,301,323,286,286,314,264,1
226,496,495,486,546,469,515,471,426,427,462,439,446,424,456,422,436,436,437,432,425,429,442,465,451,439,416,432,455,433,465,446,460,480,481,459,485,1
227,1599,581,520,557,482,479,416,381,392,501,299,284,352,293,318,357,305,318,376,312,299,332,310,353,318,365,382,517,411,461,518,508,603,633,644,608,1
228,567,514,467,470,443,462,379,421,469,457,432,393,439,415,441,478,455,541,547,477,442,476,394,433,423,443,399,435,407,428,440,421,474,481,519,502,1
229,489,472,473,490,430,464,462,424,457,459,513,452,482,490,470,515,500,482,508,452,468,479,463,427,434,432,426,376,392,377,378,418,447,435,491,457,1
230,505,494,445,416,451,423,412,391,409,412,404,418,440,453,494,484,524,475,494,513,436,472,439,391,402,394,390,416,425,438,436,447,460,545,625,611,1
231,418,424,405,410,392,427,402,439,459,446,417,419,461,450,470,472,491,532,479,498,521,468,512,494,507,482,517,529,443,446,441,468,446,421,377,401,1
232,493,444,412,340,358,389,378,348,381,413,381,437,416,411,487,519,616,835,771,546,501,481,435,429,374,378,383,446,436,399,422,409,409,460,503,544,1
233,393,372,407,401,402,389,465,491,470,431,451,496,472,523,516,557,509,617,545,579,560,493,472,482,473,419,424,392,401,421,389,414,396,387,392,383,1
234,1554,449,424,441,416,372,371,348,374,386,368,364,376,381,396,399,411,487,537,400,443,449,395,450,433,405,411,497,401,428,498,426,440,457,525,472,1
235,604,470,474,430,442,426,392,409,362,390,346,383,416,381,408,415,455,483,680,625,606,578,511,500,436,455,401,434,394,425,472,418,416,409,462,476,1
236,463,460,429,466,462,465,475,480,412,465,518,470,472,440,474,459,464,522,470,475,473,499,466,444,402,418,407,433,439,448,438,437,420,429,423,467,1
237,644,586,505,436,389,438,371,338,372,359,373,382,410,407,412,530,483,574,501,507,464,445,393,408,402,405,405,399,398,408,440,448,469,541,655,687,1
238,521,506,521,507,495,469,447,456,405,440,434,405,450,440,458,458,476,456,455,415,460,424,438,428,423,406,405,405,454,458,451,451,455,484,514,514,1
239,916,399,382,411,378,405,402,380,393,453,434,406,451,459,439,455,493,510,549,471,570,601,562,576,525,490,441,441,440,403,384,335,334,361,354,381,1
240,548,406,326,290,267,254,259,252,322,311,346,311,381,416,496,554,706,1235,1180,725,567,540,402,464,433,384,360,395,328,319,354,362,393,474,520,504,1
241,504,433,402,416,421,416,363,408,443,398,397,435,397,447,429,458,501,458,490,517,518,531,515,547,483,530,476,464,503,451,499,420,411,436,444,423,1
242,439,443,393,424,438,430,415,448,458,481,442,425,484,444,533,530,542,492,547,518,561,522,484,477,435,402,434,480,427,424,400,375,422,408,420,387,1
243,505,444,451,394,399,412,382,389,415,419,426,395,427,445,449,494,486,500,572,569,541,504,482,488,497,444,429,492,453,471,432,419,454,437,477,391,1
244,731,541,512,540,442,433,409,388,430,502,416,465,465,440,479,439,482,561,730,527,502,438,392,433,379,370,342,412,345,342,375,412,386,420,437,467,1
245,526,513,506,479,423,457,453,374,435,412,444,436,447,453,484,521,492,424,412,409,417,425,398,406,385,429,380,442,434,471,464,451,516,571,525,570,1
246,468,477,449,451,417,438,406,378,403,442,412,459,416,415,388,447,412,411,431,466,467,508,479,473,484,486,507,484,516,469,463,473,515,518,497,459,1
247,534,508,504,444,419,402,433,414,428,453,432,467,468,431,484,472,558,575,496,490,462,468,432,399,394,388,375,441,413,426,455,399,445,469,489,517,1
248,504,485,493,508,479,451,491,467,451,426,411,470,424,431,475,392,403,402,470,417,386,415,478,418,428,449,440,461,479,433,467,450,466,509,523,532,1
249,501,465,564,454,444,480,442,444,405,398,428,437,448,456,451,470,422,480,443,457,407,419,427,427,432,388,430,476,451,445,522,484,465,485,500,537,1
250,416,373,360,421,357,366,349,338,379,371,429,421,445,498,530,622,685,876,1033,695,587,523,487,435,429,371,387,370,327,321,339,347,334,366,383,414,1
251,491,445,384,374,372,393,383,350,349,366,399,422,470,482,511,542,569,607,620,609,554,492,493,507,465,439,407,412,423,400,419,406,436,431,452,510,1
252,652,505,461,407,391,440,388,375,384,369,385,408,489,509,521,536,580,678,617,518,501,464,437,383,390,382,389,390,373,361,408,404,397,419,466,607,1
253,602,528,524,552,494,492,438,428,468,408,414,451,455,438,446,413,487,448,402,432,397,405,409,379,409,394,412,393,453,391,449,447,505,521,530,570,1
254,1301,448,433,453,384,360,402,390,381,454,429,476,509,473,501,488,517,545,625,489,423,415,414,386,382,381,349,399,363,350,383,371,419,395,451,445,1
255,712,569,576,493,468,483,437,435,443,401,402,426,399,392,404,443,443,506,455,397,394,366,341,371,387,369,395,389,406,408,399,485,511,533,618,728,1
256,438,451,445,465,468,413,425,466,461,467,430,488,476,467,479,485,489,534,524,539,518,435,459,461,416,422,471,393,382,402,406,389,432,434,481,473,1
257,3761,247,249,274,297,275,269,298,329,338,354,310,333,361,402,381,405,915,972,446,442,450,379,401,338,331,336,378,266,293,265,246,288,239,249,267,1
258,323,317,282,343,323,294,317,335,376,397,411,411,460,446,578,589,681,826,865,781,680,638,624,566,507,471,414,447,419,365,344,303,351,308,299,293,1
259,749,734,652,547,492,450,439,394,348,361,314,322,310,299,293,312,299,342,315,339,316,374,389,415,399,410,419,468,450,510,578,681,620,620,660,764,1
260,1033,368,343,394,326,333,367,381,368,349,352,406,371,415,447,509,624,984,917,556,526,476,438,478,413,389,412,439,360,366,384,382,356,382,342,398,1
261,563,501,511,524,456,458,450,458,455,438,418,462,399,426,449,439,460,430,430,388,410,383,389,398,377,400,387,441,431,468,466,485,546,564,558,566,1
262,657,567,520,476,419,393,395,386,361,393,401,398,380,385,418,450,503,527,465,434,416,444,417,403,379,384,430,403,391,459,417,489,532,573,649,670,1
263,543,521,498,499,414,463,421,481,436,450,466,439,520,457,485,513,504,531,507,463,430,444,430,405,406,392,385,424,381,434,424,420,443,436,457,462,1
264,565,546,540,536,545,508,479,467,473,472,444,407,432,405,418,396,436,433,394,420,431,433,410,447,445,435,396,390,435,388,419,491,482,456,512,498,1
265,392,412,445,425,422,421,405,412,433,440,469,468,463,515,480,456,493,493,513,461,499,551,537,487,458,492,428,442,485,428,461,414,442,417,403,422,1
266,597,519,481,432,451,438,376,406,403,384,376,413,436,455,490,440,445,511,505,537,485,465,459,443,453,404,390,452,448,434,423,367,437,457,567,605,1
267,1539,451,468,419,423,374,369,391,387,357,374,401,368,400,391,376,424,494,582,429,434,404,397,398,423,419,434,492,411,434,421,446,445,460,493,456,1
268,563,451,410,444,416,433,371,414,389,404,403,399,435,445,463,461,524,649,677,640,530,497,489,446,413,401,389,400,407,411,400,387,417,406,496,504,1
269,1061,445,388,424,384,442,396,397,424,417,380,364,424,427,455,454,445,559,560,533,479,485,478,464,486,449,408,446,409,380,424,391,450,389,448,419,1
270,401,453,401,404,365,383,384,405,396,408,447,408,476,467,484,533,504,571,551,536,524,570,508,457,494,433,477,443,491,433,435,476,386,421,402,457,1
271,397,409,381,392,389,352,408,398,385,397,413,488,506,520,574,596,570,582,586,552,571,515,516,492,444,451,448,426,420,408,400,383,406,400,434,375,1
272,913,782,601,579,537,499,531,451,437,425,397,405,407,391,407,360,386,342,381,358,299,323,292,316,323,338,318,371,356,370,393,464,513,602,668,849,1
273,404,398,385,446,378,331,380,398,397,403,408,445,447,472,528,600,588,660,659,620,610,519,482,486,458,472,443,427,404,367,417,398,383,383,404,384,1
274,408,426,439,390,399,383,411,386,367,395,392,437,449,456,463,508,579,555,567,586,543,554,545,492,509,508,442,416,430,440,435,392,429,402,439,412,1
275,538,512,515,513,497,434,469,427,425,434,445,425,386,410,400,436,415,451,479,429,414,446,430,447,442,457,437,428,485,447,417,507,501,489,504,493,1
276,378,416,379,398,383,395,377,360,379,389,421,433,458,543,518,597,638,630,658,633,579,557,534,507,452,473,447,382,421,397,381,358,384,412,370,347,1
277,447,430,380,409,409,445,433,457,460,476,446,488,472,465,476,512,550,568,564,539,535,493,489,457,446,425,401,469,379,396,416,415,455,375,416,391,1
278,637,562,526,548,509,474,423,473,437,418,361,390,356,344,373,388,380,412,401,352,378,392,402,395,409,400,476,451,460,509,482,498,541,578,619,630,1
279,1717,367,337,334,337,375,340,320,358,470,340,359,390,414,444,452,470,627,744,553,552,548,481,444,412,392,414,462,357,376,383,342,390,323,381,379,1
280,397,331,352,373,337,363,386,381,413,428,369,433,491,493,533,580,599,684,706,680,681,591,590,573,521,444,417,415,380,341,337,351,377,303,372,362,1
281,4262,373,357,310,296,290,301,298,301,394,278,325,325,325,372,362,393,362,516,395,338,310,312,311,321,281,264,374,327,327,355,371,417,425,411,405,1
282,613,510,520,518,429,431,346,363,381,405,388,398,445,411,472,534,549,552,615,544,526,513,460,435,424,395,375,420,404,383,443,406,438,449,448,441,1
283,465,419,405,435,400,427,378,388,423,399,411,401,426,390,460,477,538,537,513,519,522,533,546,504,498,459,497,481,464,459,447,445,460,415,445,398,1
284,374,326,289,306,293,321,330,300,332,411,428,445,526,521,624,723,831,1014,995,754,681,601,505,479,432,408,346,359,346,333,266,310,303,290,281,301,1
285,602,446,418,402,426,449,381,427,408,461,410,479,513,443,517,501,474,569,551,469,541,456,432,423,416,438,437,420,409,425,418,445,428,456,440,454,1
286,364,356,379,359,354,365,345,331,385,429,431,475,485,527,628,592,680,699,638,650,606,523,484,480,461,427,400,415,402,397,415,377,382,384,372,387,1
287,550,558,528,486,478,485,480,439,440,448,451,446,441,430,415,435,395,425,406,393,409,374,411,406,467,409,389,438,465,484,460,489,471,523,520,540,1
288,4663,313,301,318,336,302,295,266,331,376,294,300,332,314,386,350,451,525,570,417,390,400,340,330,331,325,290,362,288,269,278,254,280,274,274,259,1
289,834,510,447,422,384,380,366,351,364,489,359,365,425,399,461,458,443,600,626,467,476,517,433,464,417,423,413,517,388,430,439,413,475,464,482,483,1
290,861,794,696,633,602,518,500,395,350,360,358,344,315,305,287,289,263,259,260,296,283,304,327,323,349,357,354,420,444,473,538,598,597,666,770,896,1
291,568,509,497,455,428,467,408,413,436,457,424,440,477,470,480,465,490,468,461,440,405,417,404,415,429,389,419,396,412,450,429,476,514,498,551,527,1
292,375,429,408,409,402,443,426,459,429,443,508,494,479,489,521,563,552,513,532,520,527,527,476,494,494,411,439,439,442,412,390,396,404,370,381,388,1
293,1424,580,477,516,509,466,392,402,384,422,344,340,356,389,352,335,370,400,427,438,429,449,400,396,395,369,434,436,367,420,451,431,490,528,526,540,1
294,446,396,396,390,399,382,435,386,414,415,431,420,481,504,488,557,581,612,609,568,520,540,490,512,486,462,403,447,421,399,385,406,414,412,419,358,1
295,391,397,423,382,348,432,430,462,468,520,508,485,503,555,576,588,617,595,574,514,532,481,486,483,457,409,401,403,367,365,377,362,384,357,384,368,1
296,524,420,412,454,439,409,435,420,394,458,416,455,522,519,552,529,470,510,553,508,480,487,492,475,403,486,436,493,408,392,415,424,407,403,417,367,1
297,468,494,504,479,491,438,456,469,515,460,467,452,433,418,440,463,434,467,458,437,419,459,442,474,409,438,422,461,432,433,388,452,437,488,490,497,1
298,639,610,508,461,433,423,399,395,332,381,370,365,402,396,413,436,437,531,503,469,458,414,452,442,479,412,409,459,421,428,441,446,475,535,581,629,1
299,802,560,523,491,474,416,426,415,381,410,362,380,400,401,426,391,428,586,627,496,409,397,390,376,368,381,405,429,379,407,440,483,469,510,546,600,1
300,952,586,611,545,459,465,454,408,437,480,386,381,385,365,415,348,380,360,449,367,391,380,367,352,343,355,395,473,438,444,515,488,550,544,560,556,1
301,445,461,366,394,404,356,365,361,390,401,403,437,446,454,523,511,565,616,629,559,577,548,536,470,438,451,425,447,403,407,435,408,423,452,438,440,1
302,657,652,510,511,466,416,424,376,380,382,384,393,369,371,421,408,386,437,440,393,391,401,414,380,390,377,396,376,441,454,480,502,549,634,694,729,1
303,4149,345,321,359,312,312,315,313,320,359,293,320,345,329,366,295,331,736,815,328,327,356,355,345,305,289,295,340,280,298,322,294,327,309,342,337,1
304,463,439,483,428,415,454,445,439,437,452,485,419,419,483,456,443,449,484,474,475,487,475,467,459,422,463,480,458,458,449,466,461,433,443,477,444,1
305,1218,639,575,574,491,428,386,374,379,433,375,326,346,359,376,341,353,328,380,342,351,358,349,406,409,387,419,425,457,457,459,451,573,580,624,656,1
306,434,433,416,436,441,447,410,442,449,437,455,465,479,508,493,497,520,499,521,479,488,459,465,481,492,426,396,455,438,431,456,418,431,436,410,441,1
307,553,529,582,514,520,474,497,436,419,436,421,425,411,438,417,466,472,448,513,466,427,397,396,400,367,392,392,396,388,380,434,434,520,484,593,547,1
308,654,589,591,532,467,462,451,412,432,440,388,401,407,398,427,399,429,402,432,378,406,395,419,413,422,359,401,451,475,395,468,491,490,556,566,586,1
309,445,477,448,451,427,439,472,426,453,467,472,426,472,459,456,482,456,490,472,460,449,475,458,467,449,456,449,430,452,490,463,452,423,425,440,456,1
310,534,538,496,434,420,449,428,410,453,435,435,488,469,462,506,476,550,480,496,439,450,458,432,378,428,394,359,412,384,481,420,413,454,510,510,503,1
311,528,496,468,433,456,417,467,459,436,474,474,472,472,471,477,526,514,499,504,498,429,393,373,422,389,351,395,387,425,420,413,433,438,510,544,521,1
312,1934,467,407,408,409,409,352,400,344,383,370,360,412,362,370,403,372,496,560,433,420,465,384,423,395,429,438,393,396,424,393,402,408,425,471,467,1
313,604,542,553,485,486,419,463,374,409,429,384,381,403,390,418,440,455,456,445,442,454,495,440,425,447,405,459,428,395,477,483,445,513,523,520,497,1
314,548,499,502,519,467,464,464,427,391,415,413,453,438,417,436,407,423,425,422,438,439,417,476,420,454,463,398,448,427,446,501,487,538,498,479,525,1
315,513,485,484,422,446,423,406,407,447,442,422,406,405,414,401,478,453,485,480,465,508,484,489,494,450,429,471,456,435,453,446,434,491,462,517,481,1
316,451,435,428,429,488,502,438,464,402,465,445,468,480,516,539,542,559,514,528,498,497,409,438,440,484,382,447,445,367,416,414,391,396,412,423,432,1
317,569,527,514,507,476,488,447,430,420,441,456,410,417,490,448,479,488,575,509,468,460,411,406,418,383,370,373,387,361,399,399,431,448,475,514,590,1
318,703,509,483,439,433,395,396,351,387,435,393,400,419,405,472,494,528,578,620,499,495,509,421,430,345,382,358,338,367,366,388,405,438,523,615,665,1
319,392,352,370,374,392,356,372,408,365,387,419,436,460,520,490,513,594,589,619,628,613,574,550,554,508,457,470,460,420,406,391,373,431,389,364,388,1
320,327,293,280,308,295,326,299,329,350,414,474,524,564,564,533,621,734,1111,1143,767,654,572,488,467,410,398,366,383,336,286,299,312,299,269,297,292,1
321,460,366,406,359,386,344,421,401,434,481,397,469,406,462,474,481,595,713,705,540,531,527,506,472,533,488,419,457,397,374,383,372,378,389,418,440,1
322,551,528,526,460,489,443,432,390,385,407,380,384,396,404,466,427,438,426,456,438,471,465,426,429,462,419,466,464,459,464,498,494,502,504,536,499,1
323,712,659,608,554,541,568,476,458,435,454,409,403,392,347,371,337,364,357,370,344,369,380,371,369,380,370,421,488,463,431,497,482,516,583,573,532,1
324,454,484,486,460,459,516,469,446,429,451,500,476,511,490,531,506,476,516,507,492,483,506,476,421,414,406,386,385,412,381,393,420,422,381,416,423,1
325,920,789,673,552,501,451,389,406,318,341,308,292,280,294,301,297,267,254,325,295,318,314,307,328,344,377,403,486,483,484,533,624,651,746,812,921,1
326,588,586,553,502,510,489,494,460,455,472,496,447,464,433,413,450,401,403,395,436,391,391,351,408,384,373,350,401,406,408,505,474,470,532,537,556,1
327,567,606,583,622,613,556,481,460,416,442,419,398,365,417,439,434,436,551,619,440,417,427,394,392,422,387,369,399,382,379,381,428,407,435,443,458,1
328,475,296,280,338,323,346,360,349,431,485,476,494,488,508,565,536,588,848,1183,626,566,612,542,551,502,382,359,408,359,333,315,314,298,282,295,271,1
329,691,491,454,471,412,436,429,417,380,450,398,387,420,424,438,436,485,492,455,467,450,435,437,393,444,440,410,473,437,430,462,449,466,518,505,602,1
330,546,485,435,410,375,419,412,382,408,425,404,416,398,461,443,446,528,542,627,530,509,525,483,419,459,432,440,485,434,475,433,489,442,463,378,426,1
331,553,446,399,387,387,375,369,400,349,399,363,380,415,439,456,468,549,710,709,671,600,511,435,439,432,413,381,364,365,407,372,387,451,483,526,594,1
332,491,447,482,437,438,428,438,441,417,436,426,418,408,426,474,457,443,461,524,509,496,496,464,492,461,469,437,489,429,441,453,446,450,447,469,444,1
333,544,550,528,501,493,415,407,434,387,401,384,381,375,421,433,442,498,471,461,499,504,485,429,464,430,427,395,398,446,443,449,455,448,532,539,515,1
334,484,469,424,401,433,420,439,381,429,478,472,501,489,449,492,532,510,526,550,515,471,469,454,475,406,397,420,415,409,439,417,412,430,424,473,479,1
335,485,461,451,438,430,470,405,421,382,437,413,440,444,421,438,438,471,486,472,472,428,487,502,447,440,446,477,447,432,493,434,461,478,491,524,522,1
336,449,455,357,404,367,356,373,342,379,335,358,341,394,385,424,448,499,505,565,605,574,570,565,534,525,497,449,452,466,471,472,514,506,508,472,468,1
337,612,563,501,458,406,391,401,367,363,405,433,393,488,486,504,528,526,564,605,596,498,454,447,403,364,334,365,359,369,388,405,403,405,477,532,591,1
338,478,461,441,463,439,405,423,429,420,477,412,431,418,459,436,419,438,476,458,458,509,459,486,484,482,447,479,476,446,474,426,486,455,433,506,495,1
339,640,389,380,427,357,419,324,361,471,648,394,561,489,437,485,490,696,895,757,562,455,487,392,393,389,337,332,377,344,333,334,360,361,385,451,472,1
340,1091,556,514,452,429,445,399,425,408,436,386,378,343,371,353,381,368,374,413,385,366,423,404,467,433,463,418,525,489,480,507,472,480,520,544,486,1
341,738,680,585,533,448,450,439,427,403,421,385,393,398,424,420,429,448,431,396,374,433,407,389,385,384,364,359,402,366,414,452,430,523,593,646,615,1
342,405,391,346,336,318,304,356,366,353,388,426,466,447,529,570,641,676,778,746,630,573,585,526,437,444,458,413,475,373,381,339,369,389,390,405,355,1
343,1893,470,440,405,379,377,368,359,360,354,386,370,367,381,358,414,421,528,644,411,430,448,397,376,419,415,396,455,397,368,400,418,419,406,463,492,1
344,733,427,438,478,407,428,420,407,388,468,413,388,405,415,448,492,541,576,690,567,500,489,455,429,402,398,380,432,346,389,407,409,444,415,461,499,1
345,523,491,483,511,447,487,466,463,437,447,437,457,402,464,437,465,440,407,431,357,442,420,412,455,442,417,407,455,426,482,489,472,499,520,501,493,1
346,1973,564,499,450,413,402,423,376,385,424,352,352,374,347,363,368,378,360,395,362,385,381,390,364,386,369,419,422,381,428,433,439,489,493,508,537,1
347,426,428,423,401,398,402,373,409,376,395,414,390,445,441,449,485,502,495,468,477,474,466,512,468,488,489,510,479,532,504,499,511,516,481,445,413,1
348,671,492,504,465,420,440,405,367,391,423,408,395,431,435,446,453,444,446,512,498,523,514,465,460,444,427,426,418,422,426,416,455,449,511,502,480,1
349,745,578,494,452,426,407,393,384,356,418,351,415,376,394,433,425,465,566,657,584,483,463,409,434,402,407,349,391,371,391,419,414,446,487,549,650,1
350,529,497,521,452,451,425,474,461,425,433,426,380,434,428,405,448,455,443,462,421,469,448,425,390,425,407,459,452,445,472,503,451,489,494,566,519,1
351,561,470,458,403,380,393,370,368,350,367,379,382,375,396,436,525,561,797,816,569,514,482,434,413,418,411,372,422,401,358,385,406,436,434,541,601,1
352,407,398,418,426,383,444,422,390,468,467,492,484,509,547,565,573,614,565,571,542,534,495,446,457,372,403,398,422,409,417,361,383,383,380,372,467,1
353,452,458,436,437,431,406,438,391,433,405,442,403,435,449,394,445,489,453,497,497,538,514,533,519,481,526,458,452,508,456,449,439,438,415,421,446,1
354,1447,359,368,354,310,376,378,322,335,439,342,408,413,378,438,482,546,571,760,447,481,463,390,468,422,364,438,602,361,396,454,407,465,429,404,367,1
355,518,398,384,357,345,379,346,341,340,384,369,406,401,459,539,608,705,1076,970,742,571,498,439,459,377,386,328,387,342,347,362,328,388,348,387,370,1
356,839,519,419,400,356,343,334,325,397,404,414,400,421,415,415,453,578,825,600,522,507,456,438,457,410,368,380,423,341,395,363,371,430,460,544,662,1
357,697,443,443,423,411,383,396,387,363,422,377,374,382,422,405,435,523,519,520,511,538,524,574,547,524,513,508,555,480,437,441,381,388,372,382,384,2
358,351,331,338,345,359,326,349,369,377,422,449,455,491,476,565,582,617,594,640,621,597,578,591,547,498,477,438,471,454,438,407,378,361,387,358,347,2
359,611,527,541,548,443,443,461,411,426,404,394,376,383,385,345,351,349,354,406,367,384,410,401,397,371,441,418,436,553,540,607,579,569,546,609,598,2
360,617,549,613,511,501,457,428,373,385,363,346,354,335,357,330,347,378,322,375,342,390,414,426,464,449,484,482,481,460,551,557,553,599,617,581,593,2
361,367,303,337,337,386,364,422,390,481,483,530,527,547,600,607,615,628,668,702,613,597,551,503,500,434,411,423,454,333,358,299,321,344,312,308,329,2
362,599,483,543,444,457,445,428,446,398,474,411,454,409,504,517,560,577,813,792,541,477,430,368,344,358,336,308,341,315,331,341,346,374,453,476,491,2
363,496,325,344,371,350,363,353,350,392,424,411,412,457,548,612,713,775,824,914,711,589,594,521,466,386,359,348,358,282,336,323,304,306,362,352,353,2
364,517,512,506,496,483,493,456,437,428,410,396,371,394,440,452,428,491,472,496,490,474,460,439,419,450,386,406,446,424,447,440,447,479,529,503,467,2
365,1177,520,467,451,401,375,416,369,415,442,377,374,406,410,422,446,448,658,603,439,391,352,355,378,330,358,373,403,365,409,400,450,518,535,536,615,2
366,494,442,467,406,439,383,405,419,406,460,397,452,483,494,489,485,500,457,511,502,515,498,498,523,433,464,452,511,457,385,424,395,404,451,432,451,2
367,586,516,467,445,397,400,435,398,392,491,417,427,470,481,498,501,541,557,543,520,455,455,478,512,442,404,422,412,368,394,414,386,408,408,450,494,2
368,682,359,368,351,316,318,325,293,329,335,328,363,418,450,494,523,628,787,1009,673,640,602,573,516,501,469,440,490,397,351,352,315,325,375,347,342,2
369,551,546,509,494,424,452,429,352,403,405,393,430,427,419,441,500,561,499,521,456,479,452,469,395,414,399,434,426,423,423,399,454,442,495,537,531,2
370,599,488,492,522,500,489,433,473,457,451,437,421,475,447,502,526,541,555,595,473,461,422,445,433,398,367,336,362,396,396,360,361,405,414,452,500,2
371,896,585,482,521,476,410,399,382,367,395,352,368,395,419,402,418,413,416,465,441,475,431,448,383,400,395,383,472,451,476,491,474,530,524,533,516,2
372,1285,633,557,484,418,389,359,360,382,378,355,345,326,322,351,321,317,448,536,332,357,361,356,373,384,392,425,446,433,425,434,473,519,567,722,819,2
373,543,530,533,511,522,489,513,449,434,418,411,425,385,397,383,391,373,380,407,371,399,410,408,383,436,432,444,436,467,503,502,507,533,531,589,539,2
374,639,644,558,489,478,460,418,397,398,398,413,410,455,453,470,492,530,509,450,438,423,392,360,339,348,317,374,364,360,391,437,459,546,542,604,629,2
375,808,736,716,663,626,577,488,458,419,378,379,368,337,353,297,300,300,296,297,309,308,329,310,324,360,343,364,349,404,433,523,492,594,661,748,737,2
376,424,372,365,421,427,440,460,462,433,455,504,525,577,569,633,699,731,696,634,461,425,433,441,369,374,382,362,364,322,354,388,354,384,369,370,405,2
377,539,528,467,483,435,452,432,426,423,478,477,494,507,528,450,487,539,489,460,487,449,450,405,416,380,387,375,396,403,390,412,423,433,469,500,515,2
378,605,506,450,469,407,469,416,425,364,384,387,371,409,431,471,437,487,533,474,458,499,453,473,443,442,416,462,427,448,459,416,426,458,522,514,573,2
379,551,466,447,390,348,423,379,345,384,417,425,369,476,495,559,631,590,652,673,556,546,574,451,468,402,374,394,393,379,382,420,379,445,410,403,388,2
380,519,420,418,421,370,403,386,379,367,420,384,430,479,479,545,565,678,663,746,694,555,567,469,407,425,373,366,379,371,367,366,354,377,411,415,416,2
381,1036,545,548,574,500,475,439,439,439,469,392,443,416,427,473,397,457,469,496,444,407,398,381,389,383,320,385,364,345,388,372,414,468,477,520,495,2
382,523,463,477,494,486,451,471,463,423,467,420,468,442,428,433,445,473,440,464,420,406,441,451,415,461,417,392,443,474,424,484,484,518,498,449,476,2
383,483,420,425,431,379,422,380,398,389,440,444,491,500,487,510,532,615,641,601,550,403,465,411,449,431,423,410,417,399,441,457,430,438,396,467,409,2
384,723,534,420,415,350,351,334,342,377,376,388,431,460,466,484,553,576,636,575,562,543,511,498,447,387,362,331,356,346,352,367,424,434,482,583,608,2
385,1361,425,391,353,344,345,355,383,358,364,386,384,421,448,471,528,590,622,586,558,460,475,473,437,424,361,396,408,358,383,401,380,367,441,439,508,2
386,611,624,572,562,539,494,480,431,438,461,388,412,376,365,372,319,334,358,331,320,320,324,348,360,392,406,405,447,480,507,512,561,547,636,669,683,2
387,669,431,473,442,468,410,420,386,423,468,358,413,405,393,447,429,439,472,499,430,443,447,428,463,447,425,431,500,458,465,450,420,470,481,525,656,2
388,847,754,653,554,531,512,433,367,409,429,337,359,365,324,360,286,340,268,334,315,358,322,319,322,359,363,372,459,420,480,545,582,593,679,698,736,2
389,495,436,451,462,432,421,416,398,423,380,421,402,426,421,415,432,439,442,433,459,451,440,430,460,439,483,451,475,475,485,481,507,539,532,543,589,2
390,481,391,410,452,449,461,475,482,451,560,524,570,535,581,624,600,602,585,603,475,432,419,375,418,387,386,365,389,336,389,363,353,378,356,364,363,2
391,692,624,598,604,515,480,443,426,413,406,365,396,374,351,396,417,388,415,453,387,413,425,388,360,411,375,393,390,424,426,431,495,497,569,581,663,2
392,475,472,462,454,438,401,406,434,432,419,405,455,436,420,444,473,494,494,457,466,528,526,446,473,434,459,476,427,461,437,447,479,454,433,477,490,2
393,846,656,559,512,498,451,394,391,371,384,372,395,375,394,395,404,440,442,436,430,442,410,380,364,406,391,392,420,407,397,427,445,469,515,590,784,2
394,807,572,522,519,485,487,446,389,402,499,397,410,377,341,390,359,407,388,426,379,394,429,433,394,404,420,426,456,442,406,486,509,527,548,580,528,2
395,486,362,403,376,366,368,364,426,398,461,494,506,535,581,569,680,655,635,634,587,572,533,453,462,449,399,396,384,356,335,376,352,345,387,362,337,2
396,2105,383,345,339,334,360,359,316,356,396,422,380,455,481,512,520,554,599,701,528,438,440,429,425,357,369,332,378,332,337,339,320,372,353,361,357,2
397,366,371,371,375,402,427,456,488,478,507,488,534,565,555,567,566,582,516,560,545,495,488,501,462,422,456,403,388,404,370,380,379,372,352,400,393,2
398,882,752,738,700,623,545,484,485,460,393,378,394,302,360,360,331,338,338,357,290,302,324,306,294,290,315,310,369,368,397,412,434,563,643,742,805,2
399,491,471,407,412,436,432,422,408,388,379,377,427,464,425,436,488,499,517,537,495,524,491,528,473,501,499,465,402,424,417,437,416,481,470,473,472,2
400,534,445,469,457,407,408,399,436,436,518,453,461,476,486,535,474,511,582,521,483,502,473,420,396,386,349,318,327,338,317,370,417,399,452,640,789,2
401,403,376,402,437,451,485,500,514,580,568,622,602,593,587,634,637,585,675,655,546,532,421,362,333,323,344,330,311,302,283,328,307,295,331,358,372,2
402,1008,665,591,550,486,451,413,356,375,355,327,364,316,326,326,365,353,341,382,352,336,361,358,390,384,377,455,526,529,474,528,534,542,609,663,616,2
403,534,579,498,524,504,473,476,423,424,486,454,443,433,498,480,455,515,498,491,454,443,384,382,329,337,375,341,410,430,440,413,419,452,490,527,570,2
404,629,481,429,424,437,404,416,417,489,491,476,510,473,495,501,511,537,551,619,515,468,450,434,431,400,356,416,398,384,353,371,408,446,417,414,433,2
405,410,358,363,359,361,340,321,350,381,380,421,400,509,514,585,637,710,737,719,717,653,608,590,514,483,446,378,374,368,351,315,317,319,350,343,403,2
406,589,534,549,481,394,451,445,408,393,394,355,430,433,460,496,493,510,480,563,512,490,538,456,446,413,394,418,417,359,422,415,399,442,453,496,456,2
407,421,431,388,389,464,428,391,404,440,469,478,492,501,459,549,571,561,588,567,572,573,532,453,436,403,433,369,445,422,395,407,363,390,379,409,412,2
408,619,549,517,526,470,437,450,407,407,375,382,387,398,395,414,399,445,433,541,419,445,426,420,429,415,445,450,446,434,483,449,429,486,530,532,595,2
409,899,727,684,601,567,510,437,435,370,403,353,341,370,340,344,390,367,355,359,287,344,314,327,343,331,284,337,402,379,435,444,508,551,623,729,894,2
410,426,458,367,432,379,389,417,404,408,436,466,454,438,484,531,549,569,554,509,546,536,512,499,464,492,493,434,439,439,426,401,401,372,426,412,422,2
411,391,380,350,368,356,387,359,380,391,421,431,420,466,438,444,517,553,533,592,597,596,591,576,573,534,475,502,496,460,422,410,399,414,409,367,386,2
412,554,428,402,427,422,455,495,453,501,537,559,570,638,598,611,598,637,559,516,510,509,449,402,366,347,314,321,343,321,288,315,310,349,393,420,467,2
413,1483,670,697,632,484,496,473,387,321,368,283,285,286,260,284,289,231,257,311,273,276,330,290,330,311,303,371,459,420,494,541,542,713,714,805,715,2
414,461,410,376,455,445,443,418,476,489,510,528,559,587,545,574,609,595,564,550,442,436,451,411,374,404,330,404,403,370,367,427,404,337,395,406,429,2
415,1323,403,385,390,413,376,384,401,355,407,418,408,466,436,472,496,469,466,491,482,480,460,447,475,384,423,435,463,423,459,421,403,435,383,444,408,2
416,293,316,313,315,343,381,353,388,358,370,437,464,485,530,589,616,589,659,683,644,620,608,626,555,575,528,463,409,405,396,386,384,327,326,321,329,2
417,459,441,445,445,418,423,440,458,473,497,475,527,581,589,615,651,599,607,596,527,472,467,418,400,419,427,376,388,358,314,328,307,363,327,367,387,2
418,622,626,502,565,528,492,536,474,456,424,436,443,447,409,414,389,369,397,404,369,386,401,360,369,392,365,446,392,399,438,468,471,514,547,543,591,2
419,448,398,420,395,408,378,402,388,430,462,391,411,451,467,487,492,548,519,561,607,572,542,537,522,443,456,439,449,426,461,447,405,387,413,388,434,2
420,700,614,552,512,490,468,438,397,417,392,326,346,346,320,357,309,368,343,347,369,360,341,344,388,391,404,425,420,479,489,549,554,606,693,738,792,2
421,588,494,492,586,504,605,559,615,538,610,534,496,523,437,425,416,470,429,426,403,358,409,332,351,306,325,384,457,353,353,411,408,385,470,476,456,2
422,404,369,397,370,367,361,428,433,426,448,454,476,503,515,522,557,593,567,573,579,568,513,540,517,485,490,447,401,385,407,373,383,386,356,404,387,2
423,321,339,358,381,359,385,428,423,419,493,471,516,556,560,580,673,696,665,656,638,585,579,505,489,447,425,383,357,368,335,329,325,326,359,343,312,2
424,422,375,407,435,383,374,389,380,415,350,438,372,430,399,415,450,460,439,495,524,516,530,512,493,490,509,455,519,512,501,530,502,531,498,489,445,2
425,426,398,416,408,379,418,421,359,400,415,419,443,439,427,458,533,552,536,603,544,535,512,550,505,432,492,442,462,425,465,414,423,429,417,438,449,2
426,477,385,379,436,405,414,433,442,420,478,469,479,467,450,514,477,498,502,566,499,535,506,459,428,444,448,439,463,438,442,435,420,466,435,445,391,2
427,861,607,601,516,536,447,479,415,405,382,393,371,385,404,439,495,491,473,467,477,480,419,392,375,372,350,343,362,348,362,347,404,428,493,527,738,2
428,3560,465,382,400,363,357,327,389,477,451,329,278,326,319,388,337,324,869,531,329,309,392,298,294,273,310,423,347,289,296,303,300,334,319,369,327,2
429,498,465,445,417,401,456,431,431,406,380,400,444,408,448,471,454,501,549,568,502,508,480,499,460,437,472,396,473,425,384,488,440,453,477,443,474,2
430,427,365,356,348,324,359,401,346,400,478,429,450,455,523,577,617,666,784,806,620,596,484,534,447,450,422,417,396,352,351,337,392,349,350,393,383,2
431,1371,449,436,444,378,411,421,405,436,401,365,349,400,339,386,381,382,758,975,410,363,414,347,415,361,353,383,417,372,405,414,377,415,458,548,445,2
432,379,353,394,421,408,408,431,436,414,414,453,484,536,578,615,619,641,630,636,620,576,590,536,477,473,412,395,376,401,328,303,325,293,355,338,336,2
433,501,401,385,373,348,358,328,386,364,337,357,384,453,408,483,514,496,545,624,575,570,547,572,558,511,511,509,540,500,435,435,425,421,419,415,396,2
434,601,555,551,556,500,504,441,427,455,436,437,437,461,428,464,477,449,447,460,387,449,443,395,400,385,413,379,394,405,387,431,408,465,475,514,568,2
435,578,616,472,420,426,407,341,325,345,353,349,369,340,372,375,391,421,454,476,507,498,472,494,451,460,451,515,457,459,512,546,502,526,561,576,567,2
436,507,527,507,569,569,495,506,488,475,524,478,477,515,493,449,440,426,462,413,414,368,381,368,358,391,389,344,349,396,427,440,438,482,481,530,508,2
437,704,693,659,607,569,482,466,444,453,440,414,371,379,368,343,352,335,338,348,372,327,357,365,347,338,346,398,416,417,445,487,495,569,613,663,664,2
438,509,472,458,468,462,442,348,365,365,423,394,386,379,400,452,517,553,593,623,564,491,518,484,466,440,436,421,419,401,425,438,416,466,466,465,459,2
439,433,392,424,353,433,405,386,397,398,404,401,435,465,470,515,541,522,591,628,618,568,528,543,499,441,459,451,420,410,457,402,411,386,412,396,390,2
440,585,511,484,492,447,450,407,373,401,421,430,375,414,465,423,445,484,683,515,449,435,441,392,382,417,413,448,411,426,440,455,468,454,499,513,536,2
441,521,523,432,470,433,414,465,421,388,415,384,403,411,434,383,431,394,418,416,421,419,437,425,450,492,449,448,485,490,503,522,523,562,557,520,525,2
442,449,393,411,415,367,392,440,411,418,505,467,484,502,507,517,555,619,618,615,592,553,520,481,454,431,374,385,376,360,349,363,408,355,422,416,460,2
443,406,352,353,308,364,344,368,374,415,409,456,509,545,549,604,669,721,706,697,606,507,491,447,468,425,398,414,409,404,358,360,372,428,380,418,350,2
444,752,483,443,468,449,418,423,427,378,434,370,348,360,414,431,419,433,425,411,434,386,390,307,285,320,317,324,321,328,375,402,410,518,710,1182,1089,2
445,435,520,491,448,466,465,448,457,488,497,506,507,548,534,524,492,533,546,539,541,466,444,472,427,392,377,352,375,363,415,358,395,377,380,391,415,2
446,450,415,419,407,421,407,422,490,453,452,486,513,512,576,511,598,526,551,550,522,542,512,506,457,475,434,402,391,392,374,381,339,369,365,360,404,2
447,357,356,344,349,363,379,348,378,399,385,435,469,432,486,528,610,640,870,877,704,653,579,536,523,465,362,360,390,364,321,320,351,353,348,402,348,2
448,738,560,504,443,385,376,319,367,351,331,322,322,304,337,351,395,350,328,331,337,295,303,300,338,328,318,336,374,412,437,511,537,821,1212,1228,883,2
449,579,535,459,496,422,439,378,388,394,403,378,421,399,384,392,441,483,444,439,439,449,441,407,424,475,471,435,459,476,450,473,458,511,534,630,578,2
450,323,305,302,288,324,349,316,361,381,433,449,507,556,593,558,647,738,751,843,718,623,584,572,478,470,436,414,376,362,331,335,339,342,319,327,334,2
451,430,358,365,377,344,358,369,378,352,463,409,442,454,483,542,613,601,602,638,682,608,648,576,551,469,465,405,449,361,396,352,389,387,376,355,337,2
452,467,366,390,398,405,448,469,463,478,532,517,592,662,611,639,649,643,679,766,533,426,396,421,394,353,349,347,351,307,301,368,293,335,346,352,338,2
453,3134,343,313,360,360,405,336,317,433,512,400,426,472,443,474,394,390,462,842,384,308,349,318,353,328,306,330,410,313,289,280,310,342,319,309,320,2
454,362,401,347,390,370,363,390,383,375,445,463,478,502,503,526,635,647,742,874,722,623,533,499,451,446,406,380,368,333,331,346,337,318,331,385,379,2
455,676,416,335,399,380,355,364,354,404,494,436,475,500,527,565,580,519,592,639,504,503,468,477,495,448,399,395,459,351,371,391,405,440,450,403,415,2
456,586,564,523,475,499,445,375,418,397,418,397,412,434,411,418,483,413,445,456,509,448,477,472,489,448,440,437,403,401,395,463,403,463,462,525,580,2
457,1239,448,497,501,490,520,464,470,505,508,443,424,408,425,433,461,471,486,488,396,415,405,418,352,349,372,390,393,381,353,381,394,415,433,421,435,2
458,929,719,588,557,511,460,472,424,432,412,393,410,408,396,417,383,392,400,367,370,347,331,351,330,325,349,367,363,399,407,404,493,540,575,625,738,2
459,435,357,351,342,331,313,309,313,327,385,392,397,479,535,586,671,724,812,826,771,749,680,611,551,480,388,379,408,323,314,313,297,309,277,305,344,2
460,529,506,459,444,420,415,396,418,354,402,410,425,408,463,450,446,450,493,508,496,487,534,513,491,530,431,416,420,409,432,444,442,465,469,489,520,2
461,594,510,509,510,514,459,436,444,440,478,433,425,421,417,439,438,359,385,413,397,403,462,408,459,445,424,449,502,418,473,473,434,526,498,487,502,2
462,867,798,717,636,533,486,466,402,353,357,302,304,314,297,311,300,257,285,301,267,279,268,309,296,313,354,361,439,446,460,547,560,680,775,858,886,2
463,647,621,560,516,470,444,389,390,358,341,351,359,372,405,429,476,530,541,504,502,430,440,402,350,386,371,369,434,404,422,501,446,527,570,555,572,2
464,647,556,514,480,468,452,433,431,446,444,397,382,417,412,447,461,442,441,496,452,451,370,430,427,398,409,416,445,421,406,438,449,515,522,541,528,2
465,361,397,440,393,441,431,426,455,509,549,531,532,597,581,574,586,619,599,580,497,497,493,463,414,385,421,363,387,351,354,335,338,360,382,371,372,2
466,402,411,419,428,405,413,432,421,490,448,459,515,488,494,500,534,522,551,534,516,496,513,480,480,438,448,412,439,414,432,442,392,415,401,413,387,2
467,1130,284,289,329,316,333,325,311,422,475,334,383,444,423,522,530,569,686,984,561,617,594,463,551,489,374,413,641,312,333,322,293,337,321,382,292,2
468,503,476,482,512,498,487,494,487,463,485,494,455,506,464,472,426,432,453,384,426,432,425,409,420,391,417,414,476,428,401,452,433,477,488,463,459,2
469,494,433,428,439,419,427,397,378,414,438,406,443,471,486,517,532,515,524,554,486,565,503,510,481,426,446,443,438,431,398,418,398,414,406,454,452,2
470,461,408,439,431,426,442,412,419,432,479,425,542,498,504,496,495,526,523,545,476,487,465,415,397,426,436,445,475,450,455,487,431,445,390,410,391,2
471,499,516,488,485,484,443,442,440,459,438,427,415,387,448,448,444,473,492,488,456,487,485,441,443,449,439,405,412,446,423,438,431,436,466,519,492,2
472,416,446,459,449,447,462,428,468,471,461,515,527,521,527,548,550,552,506,481,506,451,429,417,464,431,392,423,392,399,379,405,391,407,403,427,434,2
473,390,366,368,422,438,501,559,548,523,450,459,414,425,433,419,456,453,463,455,498,521,512,511,541,564,599,561,506,479,425,377,343,338,336,359,372,2
474,354,350,345,353,347,373,335,347,383,409,452,454,460,524,503,558,603,593,635,626,674,574,553,517,514,507,462,468,447,417,372,374,402,343,369,387,2
475,569,534,493,515,448,460,440,447,408,449,419,439,488,437,491,458,510,477,467,458,443,470,442,392,391,441,376,404,390,378,424,453,476,477,542,478,2
476,889,348,339,378,387,484,428,457,528,575,511,556,601,561,677,588,668,739,727,477,399,433,358,397,313,333,309,412,294,268,356,284,337,345,305,323,2
477,705,721,688,607,570,545,497,434,445,439,408,385,349,358,364,315,279,298,308,289,320,301,309,301,338,353,390,378,469,455,526,577,635,671,684,673,2
478,581,594,582,630,672,617,625,560,540,558,511,460,449,433,411,470,452,501,485,455,428,385,378,328,295,304,329,336,291,319,317,381,392,405,469,441,2
479,536,536,526,476,494,448,416,483,423,438,462,453,453,528,480,531,483,466,429,466,433,412,387,386,392,411,417,400,417,411,408,461,423,498,487,514,2
480,970,510,410,379,372,351,312,342,338,384,355,328,366,374,380,440,489,595,865,577,510,506,411,422,448,438,405,382,392,421,427,409,450,451,549,626,2
481,524,496,461,489,487,464,437,438,427,432,438,387,425,408,427,419,460,449,432,461,446,450,463,443,455,408,455,479,434,471,471,436,517,547,492,456,2
482,521,497,485,453,454,443,483,445,431,417,442,448,438,464,420,390,485,456,463,465,449,509,422,411,449,462,443,419,418,418,456,465,497,505,484,477,2
483,718,486,529,510,487,481,429,436,399,447,398,401,418,431,406,413,438,457,544,418,413,429,399,413,384,384,357,456,411,411,432,436,520,572,586,535,2
484,497,487,435,487,401,415,408,344,381,395,401,435,466,456,462,483,558,607,665,647,578,490,434,413,425,373,382,396,392,409,381,424,424,472,462,499,2
485,569,535,488,494,481,446,410,446,443,425,426,419,467,437,413,430,435,375,412,389,410,399,423,417,433,398,426,461,451,488,470,495,508,554,556,555,2
486,610,582,606,550,480,516,452,433,385,411,423,404,428,412,443,461,527,542,575,488,392,400,383,413,353,329,333,365,362,344,427,432,460,540,558,565,2
487,734,768,703,604,531,492,451,450,421,362,336,337,380,361,322,290,346,335,309,325,329,319,341,365,377,374,382,464,425,477,480,534,611,650,697,702,2
488,612,562,556,537,504,466,452,439,431,371,382,418,419,397,408,412,390,464,416,442,403,356,355,357,405,343,394,470,456,436,467,491,568,577,597,631,2
489,653,437,439,451,427,484,427,421,395,427,401,414,447,408,457,459,428,504,533,506,501,481,480,436,449,424,440,465,464,447,470,437,468,444,441,419,2
490,617,529,494,461,427,461,413,421,407,414,424,418,436,446,455,443,497,520,512,547,506,469,473,422,381,399,407,438,373,389,446,419,453,446,493,528,2
491,300,300,302,327,305,301,309,330,352,373,384,454,515,548,591,715,675,771,746,755,704,650,599,529,528,479,410,436,397,376,349,361,306,316,299,292,2
492,388,418,408,379,401,399,408,423,447,443,469,471,511,543,522,526,560,549,489,532,523,538,468,513,475,443,445,425,392,434,417,413,420,399,397,396,2
493,485,477,499,464,498,503,482,474,462,494,478,463,453,467,462,494,508,438,435,421,417,431,394,412,379,407,451,423,462,416,455,459,480,452,439,450,2
494,560,685,575,427,352,400,385,352,386,343,344,386,385,418,414,520,485,463,590,551,616,652,537,504,470,419,448,425,404,394,387,374,401,437,448,447,2
495,493,451,438,396,353,377,343,350,334,340,389,382,434,440,474,499,497,522,548,566,512,487,438,451,395,432,430,471,454,492,524,503,563,540,554,512,2
496,645,535,463,435,379,357,300,345,295,336,298,328,333,349,360,337,346,339,373,345,359,325,334,364,354,344,361,414,436,478,553,630,982,1267,960,725,2
497,755,458,435,476,406,427,412,370,384,410,392,341,368,347,382,415,433,490,498,460,496,524,472,460,479,447,454,491,481,466,517,480,461,499,474,524,2
498,326,343,357,356,372,376,351,427,443,480,475,503,543,600,651,639,666,662,666,605,575,558,523,422,447,455,402,413,352,319,312,357,363,330,353,362,2
499,523,492,486,438,458,487,465,426,408,433,392,474,403,441,421,435,445,477,516,401,428,454,430,461,460,438,405,485,442,461,476,469,482,493,473,506,2
500,781,612,494,419,429,418,415,409,379,418,393,394,407,425,413,434,493,544,564,559,502,494,486,448,443,398,390,385,378,382,360,362,419,399,461,677,2
501,519,482,466,460,419,408,390,395,400,417,440,429,472,446,552,525,525,520,482,437,400,420,460,431,406,406,415,469,442,421,486,434,496,517,535,462,2
502,550,545,536,550,484,476,525,481,466,429,403,428,397,405,407,381,409,367,389,413,383,408,375,386,424,435,418,429,456,444,490,516,551,555,541,532,2
503,1008,583,507,504,445,507,423,413,428,510,343,381,416,354,422,377,398,479,467,366,349,392,330,429,400,351,378,464,410,410,476,459,555,548,533,569,2
504,873,591,558,498,446,476,460,389,410,424,418,396,450,422,419,441,460,495,563,478,480,487,430,381,412,370,371,437,412,360,394,345,383,462,464,529,2
505,481,471,423,386,385,428,394,422,440,446,403,461,429,450,536,573,590,583,672,571,545,492,492,439,436,439,413,416,404,387,394,398,382,388,391,424,2
506,423,424,443,423,388,423,420,410,358,454,427,435,446,426,429,453,466,483,501,482,508,521,514,521,531,498,479,472,426,491,462,488,421,432,445,461,2
507,696,695,665,675,619,583,483,467,407,425,403,398,366,376,381,388,332,372,340,350,382,343,305,329,350,334,351,377,382,405,476,490,546,635,641,617,2
508,453,415,413,444,458,482,477,525,554,543,533,587,593,545,571,597,609,630,564,474,431,400,352,367,386,377,325,402,335,360,379,352,387,332,369,363,2
509,456,430,429,411,388,362,354,319,376,303,380,372,440,521,588,680,781,1013,1119,840,654,555,429,420,382,337,316,292,285,259,250,309,296,328,343,367,3
510,846,285,287,336,306,353,327,335,419,416,375,455,560,489,572,587,689,955,934,620,568,572,512,437,442,413,402,376,329,334,286,294,346,323,309,295,3
511,621,501,461,486,453,489,428,420,426,477,370,442,465,458,474,460,511,546,639,474,434,434,384,393,399,398,402,439,366,424,434,444,452,446,460,474,3
512,626,636,610,596,610,542,504,487,440,469,394,403,393,362,370,332,362,312,350,355,359,333,354,372,375,363,390,411,425,488,521,539,525,568,573,635,3
513,317,308,343,328,338,322,347,361,360,427,449,452,475,526,638,588,720,687,631,678,643,609,590,517,527,460,492,404,401,368,376,316,328,378,341,339,3
514,1565,333,315,313,315,366,350,351,384,450,397,467,428,429,511,471,538,542,950,503,536,472,472,431,417,378,381,403,361,373,348,354,375,346,384,375,3
515,1244,344,313,347,296,340,353,325,457,546,478,505,575,561,627,656,621,764,732,510,503,490,426,414,361,329,364,339,322,269,311,320,330,336,324,352,3
516,394,414,372,384,376,399,423,437,420,440,433,471,470,485,545,523,577,589,756,654,666,588,479,488,433,391,350,398,360,354,354,344,402,423,407,385,3
517,457,489,437,423,429,445,424,418,418,410,400,427,431,462,482,466,503,478,476,502,482,503,480,479,478,458,430,450,437,468,432,451,441,478,479,461,3
518,465,504,418,411,458,445,398,385,437,435,414,435,408,476,440,473,506,466,513,531,506,499,465,452,475,416,432,462,435,414,460,460,434,492,494,470,3
519,498,484,543,468,444,423,416,393,354,384,372,363,350,357,372,315,356,353,316,348,366,372,430,404,417,476,506,536,601,616,621,638,719,594,585,594,3
520,664,578,538,435,401,408,332,339,298,276,271,289,362,304,332,370,366,449,498,612,925,905,550,421,396,401,381,413,400,401,415,418,446,492,540,758,3
521,376,355,370,341,384,356,348,389,428,453,459,461,497,522,563,564,589,664,673,630,657,569,569,507,497,440,395,430,390,350,382,370,309,357,348,392,3
522,430,403,398,374,352,382,381,391,383,407,420,496,441,484,501,543,546,582,596,555,533,511,479,469,479,455,452,452,493,446,472,456,429,405,396,392,3
523,524,510,567,495,452,471,456,448,437,430,451,446,438,402,431,428,411,420,418,407,422,430,404,446,444,460,417,452,464,439,485,479,502,466,529,503,3
524,496,480,459,438,399,430,379,404,425,459,451,434,500,472,523,534,504,511,503,528,479,469,431,439,404,441,431,393,424,401,448,441,475,448,461,470,3
525,760,817,771,623,577,535,487,423,369,378,349,305,333,314,287,325,328,299,308,306,295,309,348,363,348,353,377,377,424,477,525,563,642,628,688,773,3
526,1545,445,426,437,407,362,379,343,419,474,389,385,440,497,503,503,508,532,537,530,482,480,389,398,346,337,350,423,365,386,418,343,405,410,382,409,3
527,544,351,376,334,362,405,397,402,381,438,422,457,467,470,488,537,579,623,613,603,574,543,532,487,436,493,425,420,416,398,466,417,400,387,394,347,3
528,595,342,285,355,351,347,376,387,421,498,469,547,506,516,597,574,585,658,770,637,603,523,448,462,405,423,393,421,387,363,379,341,375,369,361,315,3
529,456,463,477,486,480,413,466,471,447,442,482,472,479,486,479,515,517,459,436,409,442,428,416,424,422,425,420,411,424,452,464,479,430,474,469,469,3
530,378,436,414,410,395,358,419,399,428,423,411,456,442,501,534,500,503,537,508,540,521,554,496,511,500,450,478,477,435,464,425,438,399,420,407,417,3
531,401,375,419,434,408,372,389,388,394,419,453,410,402,477,503,550,591,632,610,623,580,575,544,505,481,460,401,411,399,378,412,419,394,420,385,370,3
532,603,529,522,527,510,498,433,457,418,407,422,435,402,414,388,403,401,402,400,383,351,397,399,430,388,439,428,470,438,437,487,509,564,518,574,601,3
533,536,571,528,455,521,441,452,455,446,461,446,429,467,452,487,498,544,554,630,470,433,425,403,403,363,367,338,350,354,360,395,385,374,441,573,577,3
534,570,493,471,446,486,486,478,461,518,511,499,413,409,390,457,422,472,465,479,439,429,438,398,418,414,435,413,469,398,466,453,494,419,464,471,440,3
535,854,528,554,543,487,505,449,450,442,447,404,431,451,414,448,410,439,464,474,410,397,406,404,389,367,302,310,382,368,367,415,415,456,540,613,649,3
536,558,549,480,445,434,389,349,295,352,343,341,352,360,410,444,522,584,612,701,670,604,500,489,468,401,393,407,392,384,394,394,372,442,496,499,559,3
537,1295,471,422,377,394,359,376,328,360,387,377,365,374,327,431,400,380,520,641,451,479,456,429,461,426,459,435,437,428,419,438,410,485,511,541,535,3
538,1007,422,408,379,388,358,370,348,368,405,375,407,433,490,521,512,569,645,643,608,516,485,406,418,404,367,382,370,380,356,382,403,435,466,481,477,3
539,319,358,336,345,365,351,364,365,393,420,461,504,497,569,589,599,640,618,668,587,641,529,557,501,477,452,424,439,398,423,376,414,393,360,349,303,3
540,1002,577,561,545,499,473,453,450,411,388,414,400,360,357,409,355,375,345,356,364,367,387,353,393,357,371,416,380,436,432,462,481,530,557,668,700,3
541,793,526,428,432,400,442,383,377,390,416,370,396,410,385,439,429,381,429,463,419,385,366,380,380,379,382,409,460,412,505,518,551,638,626,651,634,3
542,410,423,403,415,411,431,432,407,427,405,436,422,441,425,399,404,441,475,428,426,473,469,499,493,506,555,534,579,543,507,531,482,453,447,435,417,3
543,372,304,315,301,338,300,316,316,337,396,426,475,533,621,657,707,854,752,751,685,612,612,514,492,498,438,403,425,376,317,351,319,329,331,318,293,3
544,416,370,401,393,392,374,404,423,443,415,473,437,530,532,565,569,625,593,610,587,543,525,471,475,425,464,431,392,389,418,384,371,410,367,393,374,3
545,428,439,422,350,359,393,367,327,381,373,419,417,420,477,491,598,669,777,797,663,628,546,460,463,457,433,380,394,371,392,344,363,376,412,408,390,3
546,510,424,513,467,481,482,449,438,402,410,450,420,418,432,450,443,425,548,555,483,418,419,419,458,436,441,442,475,484,486,447,455,466,439,432,467,3
547,488,419,458,428,435,435,437,420,426,431,437,498,494,499,504,582,549,511,493,498,447,508,501,447,439,430,432,415,433,381,388,406,429,413,448,425,3
548,284,284,323,338,269,324,379,348,413,383,407,504,501,553,597,652,690,738,755,761,697,698,590,595,488,424,450,383,376,344,332,318,312,285,308,281,3
549,711,568,543,470,449,501,441,414,415,475,374,400,425,375,469,418,383,381,401,382,404,390,397,391,413,398,401,420,440,463,492,449,564,590,600,577,3
550,391,372,403,402,352,371,428,426,398,410,432,514,491,534,586,648,670,607,591,603,604,558,507,456,480,439,406,377,345,338,348,330,353,435,394,385,3
551,444,377,395,409,337,368,377,384,349,376,387,387,445,464,519,552,569,654,683,564,531,530,520,528,470,460,465,514,460,434,449,399,404,403,420,357,3
552,453,434,440,402,417,421,401,359,383,385,413,417,426,431,459,392,449,479,502,477,483,496,493,483,477,523,510,490,507,464,463,493,483,508,479,492,3
553,482,427,438,432,444,497,431,422,498,450,469,482,448,462,467,463,538,447,450,477,388,454,514,443,460,429,472,429,424,433,460,458,472,453,449,422,3
554,354,404,355,370,372,373,342,416,423,437,446,475,483,502,555,592,630,603,621,646,633,577,559,533,477,480,410,457,390,398,336,337,378,338,363,319,3
555,592,511,523,521,450,329,351,340,325,285,306,300,280,314,382,400,441,541,662,901,1187,686,476,400,364,379,363,367,400,351,350,346,419,421,524,597,3
556,1266,527,457,446,376,383,347,342,348,412,392,380,404,397,431,408,384,433,465,436,386,394,364,446,383,379,437,503,393,436,461,414,541,562,647,604,3
557,666,450,432,427,405,433,414,465,471,545,487,469,492,463,498,462,474,447,558,430,474,456,419,423,366,425,399,418,393,391,436,447,442,457,466,484,3
558,3437,289,282,271,248,300,259,264,299,372,327,302,351,354,439,399,529,702,776,522,501,492,440,428,387,317,339,390,257,291,287,272,329,297,319,316,3
559,333,309,309,309,309,323,373,346,343,374,424,478,481,570,609,601,684,774,728,738,665,609,564,538,505,447,384,383,381,403,392,337,326,374,335,326,3
560,410,417,412,398,397,402,387,414,396,405,451,492,483,490,505,526,599,557,562,602,545,490,538,479,465,424,426,431,400,392,417,394,443,426,420,389,3
561,550,512,479,460,423,413,400,455,426,430,414,369,433,441,433,479,499,529,499,458,421,448,418,402,411,400,388,432,404,432,472,508,553,532,531,530,3
562,481,417,393,354,330,308,328,361,365,375,412,438,473,491,541,618,661,765,882,821,698,609,556,528,470,406,343,353,296,316,329,318,323,317,331,377,3
563,513,496,545,548,502,468,429,453,451,448,439,450,472,466,499,416,412,428,435,430,385,400,404,431,419,417,414,443,418,436,426,439,475,518,534,525,3
564,347,358,368,369,368,402,431,401,389,423,471,469,575,505,556,585,603,591,618,599,596,524,523,501,482,449,408,432,401,420,355,378,344,377,369,397,3
565,470,450,469,488,448,430,422,422,387,440,431,433,466,424,468,470,453,457,459,441,453,463,457,473,441,442,476,448,458,449,465,436,490,488,487,530,3
566,749,613,569,449,403,401,349,399,366,349,371,354,377,388,408,461,442,532,489,459,443,421,429,410,438,388,453,389,383,423,435,447,525,531,624,717,3
567,730,638,601,486,445,430,409,411,391,404,363,401,418,411,481,487,496,623,629,493,444,451,399,340,362,321,378,374,344,397,388,380,404,507,538,610,3
568,445,439,444,451,408,440,394,414,437,426,431,453,492,496,479,550,536,480,549,539,528,479,461,474,459,408,449,413,445,431,397,408,423,453,414,439,3
569,587,561,576,545,549,493,510,510,482,499,441,443,458,448,429,431,396,443,432,429,386,388,367,439,415,369,379,396,411,378,432,404,444,481,512,521,3
570,1102,676,616,554,487,451,405,359,364,355,330,303,317,325,295,317,340,340,374,336,327,376,346,348,338,367,358,384,417,452,489,500,574,692,793,977,3
571,835,550,527,499,453,468,422,414,373,417,411,397,388,377,366,420,424,401,414,399,414,426,411,473,419,422,395,489,414,486,428,463,476,505,567,641,3
572,825,531,471,488,412,407,396,378,376,379,385,351,425,404,463,493,606,931,871,602,506,411,392,335,322,317,325,338,344,319,352,359,401,430,455,584,3
573,427,411,418,422,461,456,456,441,496,509,477,520,601,635,563,650,655,657,622,581,524,460,463,427,391,350,308,308,317,295,336,339,316,348,365,379,3
574,471,458,407,400,423,465,443,373,404,428,470,426,471,493,512,536,512,531,473,488,473,426,486,438,437,416,477,471,448,482,439,459,422,463,454,409,3
575,519,512,504,471,439,426,358,408,428,435,442,421,427,473,482,506,481,526,535,462,503,484,478,455,441,487,435,419,421,385,414,409,419,438,445,496,3
576,654,646,555,552,460,419,340,375,391,371,374,376,349,370,324,319,404,382,386,417,407,446,418,458,443,402,443,461,453,483,538,506,592,607,623,640,3
577,545,391,313,293,291,252,278,321,289,347,402,439,465,598,647,744,771,803,813,783,711,665,536,519,430,373,384,336,331,307,305,285,285,328,364,440,3
578,458,380,394,439,383,438,394,444,509,461,499,463,466,534,571,576,603,599,593,561,549,502,457,441,424,400,397,402,362,372,378,383,390,377,386,399,3
579,427,438,439,440,394,415,453,425,459,490,547,538,602,568,573,589,554,493,495,461,434,359,444,415,405,377,367,376,378,397,430,420,505,424,411,442,3
580,419,457,455,446,455,400,435,461,489,511,507,497,517,521,548,524,519,522,495,511,508,485,483,459,436,371,401,417,444,411,372,374,371,381,402,380,3
581,824,795,719,606,612,546,499,392,394,359,370,321,315,348,339,323,282,278,254,298,292,320,286,332,357,353,364,442,436,470,534,560,558,667,757,782,3
582,392,396,390,363,378,396,390,410,414,466,497,501,580,575,577,562,665,633,634,564,555,503,467,478,406,445,394,367,375,412,346,349,365,399,361,379,3
583,446,447,440,419,402,405,353,380,402,351,355,381,408,470,458,449,498,541,527,572,572,541,536,500,454,482,513,456,459,432,425,466,487,486,437,434,3
584,513,494,543,508,443,449,426,408,447,460,407,435,468,464,512,482,507,440,468,462,495,462,444,433,424,418,419,460,341,430,397,424,451,467,479,504,3
585,832,388,388,419,338,362,383,379,361,444,379,427,452,419,468,415,479,574,671,569,546,556,520,551,562,530,509,533,375,412,359,343,408,333,364,336,3
586,403,403,427,405,375,408,419,429,421,452,460,443,493,464,465,500,471,520,467,540,543,489,498,518,458,484,444,478,423,416,447,457,441,439,443,441,3
587,672,612,628,608,584,560,498,485,417,425,393,359,395,376,398,357,358,328,321,296,309,337,404,354,362,368,383,414,404,445,453,523,582,618,631,727,3
588,511,531,577,615,509,486,437,488,457,489,445,430,492,466,491,471,481,500,491,461,438,440,445,411,382,396,370,390,348,365,389,395,425,454,452,456,3
589,607,580,538,499,467,486,449,434,412,445,411,425,414,416,401,395,366,395,376,377,378,372,422,387,410,418,409,457,461,496,497,530,556,562,551,585,3
590,500,470,482,458,452,435,477,437,398,414,442,396,452,457,495,481,542,694,672,561,470,451,396,437,369,388,379,379,378,438,413,431,421,441,432,446,3
591,606,376,386,380,358,402,419,389,422,488,467,503,507,527,550,622,574,583,754,532,566,540,477,416,411,380,393,422,353,377,373,355,410,368,357,341,3
592,756,704,706,594,555,556,531,489,450,460,402,409,413,379,354,377,368,383,394,368,377,408,356,310,370,300,304,338,382,364,402,417,500,543,619,746,3
593,610,553,527,473,442,450,425,394,393,360,387,383,436,426,432,438,392,426,475,413,428,418,410,436,414,411,453,452,465,484,492,516,496,528,540,606,3
594,395,308,337,380,393,391,390,415,498,543,484,589,607,599,670,619,685,738,831,599,540,526,407,449,436,385,367,387,314,295,354,283,345,271,274,280,3
595,530,565,567,486,461,484,424,469,449,422,416,384,423,430,409,463,462,410,420,378,418,405,358,411,389,423,435,421,435,468,498,485,526,552,555,553,3
596,351,396,371,348,403,388,386,399,429,443,476,488,468,547,570,563,611,640,638,655,562,558,516,495,492,487,425,393,376,419,363,345,365,325,346,347,3
597,435,412,389,367,414,411,391,434,414,417,417,411,433,451,480,506,510,533,600,568,656,603,536,535,505,470,422,414,403,398,414,396,397,396,423,423,3
598,528,532,554,550,536,486,451,436,475,446,478,415,399,435,386,382,376,346,382,392,369,384,451,395,440,434,434,476,509,485,471,507,470,515,537,522,3
599,476,309,320,349,343,419,394,396,409,472,425,464,493,445,520,551,633,673,719,630,656,599,577,510,498,403,369,449,379,383,405,336,380,341,387,272,3
600,963,555,498,460,439,413,366,369,411,454,376,361,412,376,392,349,377,484,437,429,361,471,390,438,444,412,414,467,403,433,499,483,522,575,576,575,3
601,435,493,492,455,461,463,464,476,419,453,474,456,427,435,422,427,471,428,551,491,413,456,386,435,426,429,391,406,435,440,454,493,511,474,531,511,3
602,1153,840,663,516,462,387,385,341,329,340,332,327,319,314,316,314,304,308,314,292,307,326,282,318,315,319,326,363,383,409,398,464,582,707,1008,1321,3
603,429,436,410,388,381,401,421,421,425,443,425,465,483,476,553,606,718,737,738,637,541,507,423,418,413,366,422,371,361,390,336,353,362,356,384,388,3
604,1349,342,355,401,344,337,400,373,382,409,388,459,480,462,602,595,545,614,626,494,491,488,414,414,412,437,373,379,383,423,396,384,359,368,351,355,3
605,381,423,419,439,433,374,445,440,460,479,515,520,480,551,557,530,580,606,553,543,514,508,454,471,455,436,415,426,388,364,356,366,349,364,376,414,3
606,520,557,496,587,552,498,522,429,453,428,349,402,383,330,348,368,343,362,358,369,374,375,399,393,394,418,454,484,453,528,579,569,602,562,580,566,3
607,599,555,541,469,419,435,406,407,365,345,393,393,381,394,402,403,385,379,495,445,447,465,448,450,450,465,459,430,421,461,472,532,513,547,595,618,3
608,928,363,351,343,351,339,305,359,368,403,416,414,444,447,507,535,541,569,636,639,631,648,553,577,509,479,459,476,378,417,340,335,357,308,307,352,3
609,555,551,494,480,487,398,411,379,373,374,402,412,384,448,431,467,531,540,561,581,502,555,446,476,430,437,422,399,408,388,404,409,411,431,428,579,3
610,2156,555,446,458,362,397,372,387,423,425,401,401,424,416,443,428,430,513,502,369,307,332,339,298,278,287,298,315,308,320,342,355,481,489,577,750,3
611,734,708,529,490,449,433,431,434,400,441,396,406,347,368,403,423,414,451,441,367,376,393,427,393,432,404,411,389,439,497,425,461,508,552,605,607,3
612,647,511,426,438,406,442,420,382,430,465,394,399,422,422,545,465,557,578,699,510,491,508,453,476,437,380,411,483,388,386,434,395,401,408,379,396,3
613,748,423,423,380,423,402,371,383,414,418,385,433,446,468,549,520,547,558,527,509,457,433,436,436,449,409,409,431,440,440,471,477,476,431,470,392,3
614,500,467,456,446,442,468,436,456,451,457,455,513,534,538,527,637,652,626,580,543,439,403,422,387,359,369,343,385,329,335,365,371,407,405,439,442,3
615,494,421,421,357,344,380,411,361,356,363,412,423,447,481,554,520,521,516,585,520,570,490,512,535,452,453,423,513,515,467,504,408,388,387,384,496,3
616,355,327,358,365,361,338,366,333,386,457,516,473,451,499,517,581,585,654,670,641,557,568,524,552,537,576,538,424,393,380,372,345,359,323,354,349,3
617,407,354,393,421,424,463,435,462,447,448,453,497,478,513,506,513,565,587,499,511,525,557,479,469,442,469,442,450,387,408,434,408,386,384,373,395,3
618,508,461,486,470,470,407,419,375,319,356,376,341,369,381,379,399,440,454,446,453,487,594,523,540,548,550,501,532,535,476,487,473,482,456,445,446,3
619,464,454,453,451,477,422,450,467,489,511,473,461,435,431,435,466,490,517,497,503,528,582,495,459,416,396,397,377,358,395,413,414,429,447,474,458,3
620,503,524,536,520,473,453,428,460,462,476,489,499,489,469,512,466,448,486,495,431,413,427,425,411,407,414,424,443,449,414,440,386,455,410,440,407,3
621,573,415,348,387,376,424,363,369,383,471,440,447,525,529,545,572,561,641,608,611,586,538,465,438,419,408,418,418,382,406,402,351,373,405,400,387,3
622,2095,1145,627,474,384,353,337,315,291,230,263,238,284,249,271,337,395,444,445,436,362,401,343,314,317,278,284,339,331,306,322,380,458,515,705,1116,3
623,557,554,512,442,423,390,358,364,421,433,450,422,455,463,498,490,491,510,515,481,555,469,433,412,425,399,408,392,369,401,444,393,490,483,539,543,3
624,513,498,482,481,523,453,459,493,482,454,472,472,435,422,445,403,406,458,447,453,450,399,386,412,364,355,436,438,420,415,465,499,491,510,543,550,3
625,531,406,422,415,398,387,384,408,414,448,414,419,468,517,564,622,589,620,649,572,555,522,474,422,400,397,389,394,387,392,404,412,389,373,408,419,3
626,554,506,535,489,485,473,440,441,407,434,424,433,439,416,415,394,424,455,432,465,470,436,444,383,396,411,401,397,454,465,476,495,472,549,532,542,3
627,446,450,485,426,397,368,352,361,345,404,360,442,394,436,487,486,501,516,535,505,515,528,512,516,470,472,470,477,438,494,458,438,444,462,514,480,3
628,326,322,291,303,333,365,347,337,377,373,382,411,477,494,562,569,612,600,608,599,613,617,607,612,627,638,534,501,451,383,389,368,353,362,321,320,3
629,476,488,451,377,365,382,314,350,345,353,338,435,475,536,628,695,750,736,740,713,685,594,527,458,431,341,360,326,290,292,303,308,304,348,411,459,3
630,514,540,573,563,585,506,471,400,429,412,365,418,399,382,404,419,442,413,386,364,364,414,385,403,399,395,415,430,452,446,507,511,537,552,632,557,3
631,322,308,306,333,311,348,357,390,419,452,454,493,500,584,612,719,758,725,756,682,640,619,529,473,470,426,420,373,331,325,339,296,318,311,327,358,3
632,595,481,470,424,427,388,431,414,443,416,448,432,414,399,427,421,350,393,435,410,433,413,390,448,429,421,505,467,514,511,531,564,568,535,519,518,3
633,467,449,483,469,524,475,465,419,438,448,438,431,443,490,483,507,529,502,523,521,503,496,467,420,421,423,403,406,386,387,407,391,482,396,450,442,3
634,402,372,413,360,365,404,376,417,384,453,422,417,442,467,501,497,534,551,592,638,653,555,602,552,560,504,486,469,410,390,379,383,362,357,373,342,3
635,500,304,308,326,326,347,371,352,423,452,431,499,487,517,592,582,614,664,910,600,596,602,580,533,529,502,445,451,348,355,374,301,299,300,272,292,3
636,650,627,604,529,462,488,461,466,473,433,433,427,445,416,380,395,399,352,389,359,390,376,355,355,360,417,358,419,392,408,470,520,577,590,590,619,3
637,492,498,466,435,479,440,412,436,420,410,411,422,380,436,463,391,417,476,534,455,453,460,445,483,463,442,460,465,454,496,471,473,459,472,490,525,3
638,415,443,401,390,381,367,369,312,320,327,407,389,443,489,491,530,598,618,653,587,639,569,574,553,533,491,450,439,404,355,383,409,411,391,441,412,3
639,314,330,314,376,331,383,329,398,404,447,484,454,492,518,536,621,651,667,697,662,610,589,582,534,511,457,435,382,363,371,317,343,373,397,349,363,3
640,663,615,579,526,486,406,385,373,419,409,337,376,373,404,442,433,417,382,386,409,379,401,399,405,407,442,424,455,477,502,519,518,522,560,594,560,3
641,439,442,442,410,362,405,429,361,417,406,392,413,487,470,457,506,544,539,494,535,539,511,507,529,477,476,489,479,511,421,398,391,389,457,429,431,3
642,319,307,307,313,345,375,376,412,426,457,527,535,550,598,628,697,806,813,746,662,573,517,520,440,421,423,380,338,330,318,322,323,330,336,288,326,3
643,682,620,527,514,492,441,437,413,385,389,406,422,398,445,446,442,470,478,495,464,472,466,482,419,417,409,411,400,391,357,394,418,391,453,521,617,3
644,595,551,489,454,435,423,421,376,407,406,372,385,374,430,453,481,488,421,479,465,415,439,382,379,410,435,403,419,389,463,447,484,519,534,667,694,3
645,667,638,568,544,550,507,525,536,452,472,446,485,464,420,430,405,402,385,384,394,371,363,354,336,359,387,371,385,365,416,417,456,490,506,562,572,3
646,622,581,510,493,468,426,412,380,371,362,389,374,392,466,422,451,425,426,448,429,440,477,465,439,417,437,435,449,468,436,423,464,508,537,544,598,3
647,635,622,579,494,478,470,442,401,385,440,454,419,444,397,363,374,396,404,416,398,380,407,397,379,406,466,421,413,473,415,466,460,535,551,585,619,3
648,425,377,433,448,377,414,451,454,431,459,445,485,458,422,455,530,520,581,566,532,567,539,487,448,474,457,419,444,408,398,430,416,407,415,394,418,3
649,446,437,448,461,446,399,372,415,428,450,398,503,452,479,474,485,499,490,500,499,524,476,519,510,464,445,432,434,440,476,407,425,446,463,425,417,3
650,776,682,626,515,516,486,461,448,402,425,362,402,362,352,353,332,307,320,377,365,375,361,336,357,359,402,383,401,433,490,519,552,557,636,650,704,3
651,522,448,408,443,434,450,450,387,417,428,419,454,483,454,544,545,578,552,574,531,487,441,421,428,447,389,427,436,378,412,395,408,414,433,480,467,3
652,453,428,438,434,371,373,402,419,392,378,417,451,459,475,469,492,470,524,512,482,483,516,478,528,493,439,469,471,452,484,458,448,467,457,478,424,3
653,440,365,370,425,396,378,426,390,413,469,426,463,527,495,522,589,565,621,651,611,589,546,496,439,456,422,442,415,393,341,359,375,405,371,388,405,3
654,450,421,417,460,440,440,439,440,455,456,442,487,438,419,512,495,556,529,548,527,540,503,439,437,411,409,409,420,437,388,434,403,427,448,442,466,3
655,499,517,465,423,436,450,387,405,414,435,436,439,474,458,452,461,480,479,507,462,468,481,433,490,461,484,491,451,457,445,405,435,422,433,477,472,3
656,597,593,566,517,532,576,484,486,495,433,400,438,404,386,377,383,411,378,365,405,392,383,343,342,407,339,366,403,413,441,482,477,565,569,591,645,3
657,449,449,440,418,422,443,411,443,410,429,435,442,484,510,492,472,508,505,550,527,504,456,477,484,413,441,438,458,383,404,420,451,464,441,457,454,3
658,1470,686,614,500,467,409,336,342,316,374,328,283,364,289,377,344,326,346,468,336,342,386,315,390,354,299,383,487,363,420,471,495,594,665,694,751,3
